cookie_id,score
ck_99a4e5ef02d89493,0.019611361786399946
ck_54d463f7fd89ec3d,0.01202584322751618
ck_0fbbc7a6af300368,0.0014714660654211631
ck_8fd4937eadd64fb6,0.005873349494974228
ck_dbb4bd4eda97255d,0.011152900021785433
ck_6e67225ba59fa5ae,0.011516530567766319
ck_94b59bbc824b307a,0.002534484277511978
ck_b87e88ee5512ea17,0.0018916196903414116
ck_36789ca11459131e,0.022184970093855377
ck_4364a83a11743888,0.002150869281727111
ck_cf59f4fc0ea690b2,0.011202319839887365
ck_bfdd232a7c5f2660,0.021039186288134306
ck_84092e23d5ef4d51,0.02157324853371348
ck_c2925c50ebacbdba,0.0054299138607428075
ck_66c9a19963957531,0.03203403112209621
ck_d637a011332ba67a,0.009745113970552907
ck_1bd753a4681946c8,0.9466608880824046
ck_c30c5844512e429f,0.06321317531020022
ck_396cea6f95186ad2,0.0521447051641721
ck_64a02b7b96149810,0.00044166870356665154
ck_b1ed2278f5f14d82,0.013129080945887238
ck_b153386f1729de81,0.0026829940723838617
ck_601edf9105b3c321,0.9901265332322277
ck_d3a8333cb389f4c6,0.00889964497575184
ck_3c17841636f6f7dc,0.007532052171743102
ck_333544d173524f70,0.05453703594281002
ck_87c1d0a79e79c84b,0.011198709601718381
ck_585ababa02383b50,0.00350182969577977
ck_3e0149cdee4cb294,0.029072530610465275
ck_b864f64101149c35,0.6486556396544593
ck_5b2728f7cca414ae,0.0003752538016693591
ck_cd7d24e3b095e96e,0.03486775178866345
ck_f3dc0725621b3a35,0.001500839952619786
ck_9eb08369e983abfa,0.003779787759324634
ck_7836bf6def26aa87,0.031048785678492268
ck_fd4582e3853ef23f,0.009063019060941563
ck_2cdad03ed069438c,0.10831953443465861
ck_614d936cef98db04,0.00953101520834502
ck_ecc18f40b33be769,0.05790652546899312
ck_a93560aa348d6225,0.03870517457917108
ck_90f3655f0c8a0074,0.0003203789003916801
ck_a045a19369016818,0.9977896866684896
ck_69ab9d4784eb77bd,0.018191828077189
ck_61129937ee466b49,0.021049955621421635
ck_74112e47b8629c2a,0.07991050384679958
ck_d841eba8906e9a15,0.007573498808741517
ck_78aa4b731cbfe251,0.003242851035635569
ck_25394c1b83e0b803,0.016468137973243223
ck_16c501470d9bb006,0.0025228923976195012
ck_69ff1b0aa143a168,0.0006465069863841131
ck_6d64190623dea714,0.004414860527584493
ck_5d7721930106dce8,0.011033438889822805
ck_466d4b5366c50b98,0.0009652315818953431
ck_641c8e7694b21f3b,0.012359001883738206
ck_66779098e78c1760,0.0014059849652120892
ck_ed8f1200fc049c40,0.9812873950359092
ck_55f2ef0de3420e3e,0.021573295977921913
ck_968a99e097ee78c9,0.04328429990186682
ck_a98848eec6c9581e,0.024512432039705715
ck_7eaad325abe3b50c,0.0015969801461407644
ck_834ca727df855f07,0.05747486467570084
ck_6b1ab0742ff04c3e,0.03347437557221043
ck_fcc2059a8d5c41fa,0.06829080439686842
ck_a96887f841e80fc1,0.01780877705091911
ck_718865237134ebe8,0.0019195413114755035
ck_5df85a8924e11f27,0.016732374255592344
ck_958c0bd61820147f,0.021965486554337
ck_b4331140b2e0d4aa,0.0028286884863223663
ck_8153cdadd300d234,0.0008987654393490948
ck_d4c1da5a1427fd6a,0.17478865555238765
ck_ac32c6e374782b27,0.02678470876248534
ck_465cb8ce232c7670,0.006813639830951853
ck_022a8ae79eb28cf6,0.9870591841399012
ck_7a7f3c4fe0c9d2ca,0.0021260987930484215
ck_4802a0a7a1882c88,0.4024128267568238
ck_8b5b5a6b5539e39b,0.9757655047069803
ck_9693b1eb70880205,0.007335834019837942
ck_59a164c40c03a45f,0.009841617436394348
ck_154c8efb19dee665,0.006597144601369409
ck_149662b09d632e41,0.03631687439558797
ck_ddaf228487858bb8,0.07146711771224186
ck_76c23726cd7ca947,0.007202803571041276
ck_32eba3510c8eac5e,0.009726899015117968
ck_41dd44308e6a665a,0.05269979671955985
ck_efbdcd9c181e72ca,0.006410933796557377
ck_771247b5bc16c12a,0.003321402323727746
ck_692a9e8f504b9762,0.00036991275010382515
ck_ceb017baa26e98c8,0.09549014173392259
ck_908b663b2dda94ad,0.006119501900984199
ck_29da59ea3bffb9d8,0.07641167615670602
ck_2795921a055643f6,0.008535101665782736
ck_fec888a7108ca52d,0.979743409518624
ck_37dab6a0a536ed49,0.07580193043748105
ck_2c1def5c91c52a5b,0.8231108990926825
ck_0cb9f54928f4feee,0.008610116645039039
ck_677e1d0c14cbf569,0.0014600807908786984
ck_192fdad892782daf,0.11753467359609199
ck_e5e2624b7fc89774,0.020454372470784937
ck_5138f6c575dec64c,0.006319149206012062
ck_5f4a25ffd0b85a47,0.028814687266307395
ck_aebb42afe430e2e9,0.005529938739162537
ck_44e9a18a8645c9d3,0.0013115877648937067
ck_79ba8e85678d0224,0.0055853034809899985
ck_ef1a1de20d2124cb,0.05305887150942482
ck_e7d903c50d353361,0.11788171918430232
ck_bcbd8588a13f5eef,0.0017227299747929223
ck_80e3041811033443,0.011649556139144101
ck_bdee1221b9addff8,0.0027972846104536825
ck_dfc933493561d84f,0.008194732827982006
ck_e0f9506a6d5f4a1a,0.035701282232353984
ck_a911a066ff0f7b56,0.017760187137332326
ck_5c45968a805132e0,0.015242807732068497
ck_152820d8817f478c,0.01009130183396323
ck_13f03ec785cbdae1,0.0002257677362692037
ck_a662b4bf900781e4,0.0006182374959163672
ck_0c0dde42ab64ef87,0.016895159525237572
ck_cb3a40594da6a2ee,0.030918531610699677
ck_a69084a068bcc8aa,0.03953569902838275
ck_f3bce4eccfa6d6bb,0.005650814394404807
ck_794d8935a895e33f,0.026061157249757053
ck_5f217bfe28954e75,0.9860492945706842
ck_9700a00ff9e66216,0.01601397800059634
ck_9a66cb13a9884cc2,0.01047296645800507
ck_522477be6376b450,0.0021837496215982937
ck_4f6ed5ea5ab7c429,0.010461149930715806
ck_f5882e6f98b8b4cd,0.0013713890173897476
ck_ec01ae5351500355,0.0023785490237065087
ck_cc276f71ab6c08fd,0.043794382026578337
ck_b06ce826e593b210,0.038502412297883294
ck_1833c81d693c1e07,0.5741842717850985
ck_b4ad165ace910222,0.009595705264953226
ck_7ce44f4e06d58111,0.04423565440738751
ck_804c5a1fa5753617,0.007830005860493814
ck_db2c0908150cb2cc,0.029394560679451325
ck_8530158e3d7f59e7,0.004916597273851542
ck_efbc79246e32c66a,0.04133904199039819
ck_dfaafdaefa5716b6,0.01894018838891149
ck_75f968be67f46d24,0.054637913004135424
ck_3715bfa7fed2c675,0.00342647058769913
ck_b5935e9722a39819,0.021347012709675733
ck_e83409471d2b0b44,0.05453956578902852
ck_c729d19053387be9,0.020030729666310847
ck_38d4ed52cbe6d123,0.03507619779080508
ck_ea835557d7043667,0.0056673824932137
ck_95b48972061abe82,0.004918144388751487
ck_2981d16f8a51a8ed,0.02400615449917444
ck_30bf5b0056eea9e9,0.7116932855446276
ck_a1c7adfe26e09a8c,0.021177167055143394
ck_1eeacc26f02fbba4,0.021215984768194657
ck_044fa3b3a003f0b5,0.03015033583162202
ck_6cabb1a133f0b151,0.02080185932020743
ck_b71279e807d0b3a7,0.010556406255710441
ck_ba68841ca2ba073d,0.01720302824951262
ck_e1790b3aa2241b10,0.9625692564996837
ck_0bf48607a874b4d1,0.0016887167450147728
ck_fa8a4a9e77799fcc,0.0015817375076067083
ck_52c311f29ca3aca9,0.00040964589759627924
ck_42c6973d3a6fe983,0.0006178711824956323
ck_b524f7a2e752b9d0,0.004850806490582666
ck_14e58c3fb26a2b4d,0.017016176114937137
ck_ec9976cabc63ff92,0.003548662159437665
ck_9f50920c894f64e1,0.002990997412805294
ck_0259da8f109017e9,0.003802196747224996
ck_9d8e9ef37797d3af,0.33598738372531195
ck_2d28f14d3973d8fb,0.0006028747154382344
ck_f5b1200dc6f95760,0.04116096170188181
ck_20d7571ba830009d,0.006548912835699751
ck_54978a073e7a0b1a,0.004542128245622629
ck_6236a461dc0d11a3,0.004830008262500187
ck_7d3a88d1aa649708,0.850132403232347
ck_742f7c28ddd019e8,0.05127877675065678
ck_d979ef95ee44023d,0.01920981259633493
ck_c01c85bd631d4054,0.006446116542155809
ck_1e832a5b2342554f,0.022803338818221264
ck_9bf95f8c47e7c7b4,0.00852866367648663
ck_6b38763bf5ddbcef,0.01918777950197904
ck_bda4041a3e90d860,0.006102291049986325
ck_703499f5410280f7,0.00039589432230322007
ck_1eabc15a94bd9009,0.007931900102475584
ck_d5bd8f68da073cd8,0.008929452784274941
ck_6e6258227fc8db7f,0.0016635471160507888
ck_be9c46acd216b45d,0.03310577014060026
ck_e2f88e202b6f700a,0.039241784538408014
ck_353a272478f7e903,0.003174403464768733
ck_a2c9796ea229a4e2,0.0019780205542381537
ck_acee218cbe61df69,0.01786868274260308
ck_9704c5cf8659cedc,0.03095807601738915
ck_4b0947bf94e9d847,0.02516729012472318
ck_bb113e3e6716ed65,0.012139660720566527
ck_60b4d59953505682,0.9082230106790316
ck_7dca4d7ee10b4eeb,0.004723088564381979
ck_4863077723cd6ce1,0.00046066060594166305
ck_469a0578d05990c2,0.004138501034009737
ck_5db1cb368bc41ac3,0.006676798090327358
ck_b72c7ac4208052ab,0.002965623798796217
ck_abac514d8167ea58,0.012961877725955775
ck_6de2aa2bb60978d3,0.02524491523598633
ck_186dbff4b24a3bbf,0.05276976918408937
ck_7f15503048915d6f,0.0063889249725511505
ck_c35e03b0dd0c3454,0.007601016289261455
ck_2cf8a44e041217de,0.07398000406305591
ck_91955aab3424ad16,0.005723312130933695
ck_a032e8ac1507c6df,0.9757096269805402
ck_342a79f91de5d1fa,0.018970025249605886
ck_3ecd8a5ce65e21ca,0.0037280557237206304
ck_45424ea6f0bc4650,0.10019421031390252
ck_41346ccd9242cc8f,0.0023745871710707345
ck_35d6c510ad29362e,0.7233724368194223
ck_9de191bf79afd676,0.015715752557521414
ck_6de6b1663f9457f4,0.0014136474799494052
ck_61814ae9b6d8eab1,0.012490165563605498
ck_60187ac2c473a662,0.9679246041700826
ck_c0b50c11e4f5adf7,0.01690710079173897
ck_062754f8b79b86e5,0.0014032257242439494
ck_0027b5d4107d65d8,0.05731676987962386
ck_d61c837b0106085a,0.061592836886496104
ck_a99e0c258ad7576b,0.006039488204904347
ck_e76257caa98dc25d,0.9654540898642797
ck_9a65fcfc7916f93f,0.0005500939212871492
ck_c972b0e781efed3b,0.0026690337962547656
ck_3a632cdf2c19051b,0.014483219409890918
ck_9724718fe64c6557,0.986039517255754
ck_d44dc3839a195c8a,0.05218696247027371
ck_2fc70b6baf6a0e26,0.0019379041767852818
ck_b4911c42f3bff740,0.00026137647664328036
ck_53428573abcd606f,0.018360357890367995
ck_c8198cb4c461304f,0.023911415453936526
ck_852c50bbba1ead13,0.05230366170491137
ck_d5ef6dc116dee408,0.008724909409840442
ck_3ac528caac74f563,0.018588228380470077
ck_1b0b7c3d35ab1259,0.020998640667975445
ck_f1a9d832b700bda1,0.9887301931883715
ck_343e6ed2b9d35c01,0.005673917978028298
ck_803c0b4cf9d4bc1d,0.007901948276342373
ck_c457e9c9224b773d,0.018097718552184845
ck_d305b4d82f63f647,0.004931484878314904
ck_22bd0fc71f95e048,0.028841586440922613
ck_aab23b5470469649,0.00788739011314286
ck_fe0a9372c9372de9,0.0021476698206495475
ck_f6c909c205767956,0.01896971399179905
ck_295bca29c34cfe2e,0.016793904914996088
ck_74e60495f8861156,0.009426589701977394
ck_bd20be9a3392d79b,0.003960556365992388
ck_952da7ca9f33decb,0.03522707168087306
ck_900d62b3184378c7,0.0023349566757898278
ck_eafe9b89857149b5,0.01542806112492629
ck_509cece86a558de4,0.00338439580210823
ck_c423aa6de3ed1e01,0.005283832921563779
ck_b5a84c5547378c10,0.002263366428221017
ck_9528e1d6b1707870,0.00892693272394623
ck_668c7fc7d7e47c0e,0.04280489664854594
ck_5d72ff6cc2963d1a,0.0010921584864639904
ck_6c084bfcb38e96c3,0.021474087844439434
ck_66439e697695224c,0.0011313556728939434
ck_e975002c979e12c7,0.07080110072782764
ck_8e039b23acaaac00,0.07541521555633478
ck_9ccb17c35e636c5e,0.0033733059883510096
ck_abd3aa292f8edb4d,0.044425362339329054
ck_3ec9b9d8dd7be11c,0.018644280365263746
ck_d6f5c8741697abb3,0.01976625971930787
ck_5d75ea4f5c9080bc,0.6332992063194914
ck_a4db6e94a8f77f9d,0.028128233028695413
ck_01c1f06692566ca1,0.014984347961469753
ck_dac7c50bd6d0148f,0.006323339080076725
ck_857a1f5547b9ad68,0.08631698943415454
ck_aefd1ce3ce093cbd,0.0010569209791775765
ck_7b59d22cadef3b05,0.22005448617661033
ck_6bc0e5b8c0b7d2bd,0.02106746183421596
ck_2c44ca550e5cfa82,0.046172993142255266
ck_e4ac22046699b99f,0.014487973558388567
ck_ee7a515e87d17d4e,0.0200200656758564
ck_5e512ef5362a3dd6,0.005372578190280939
ck_df1f2dba802296be,0.952054532105281
ck_49bdba9ee1899dfe,0.005064035137882774
ck_52730906e5b461eb,0.8182890106276093
ck_dab34cf6f0626c9b,0.019018514622479474
ck_f9d8b4813a88c1e6,0.010173816208640975
ck_c0c4be3f44311b04,0.02467147690129218
ck_ae3b47d6e1063704,0.009690903345816671
ck_533672fb40531607,0.12411875231243298
ck_2a244f1ae08ef83c,0.017611722272055597
ck_fe429ba3e1aa0e4f,0.01167559138208721
ck_18444be153bac1ca,0.7994683471105116
ck_2ef76f1f36e8b869,0.21319896157707327
ck_99ee90946395d74d,0.9139345352878412
ck_bf2228a052815840,0.008125067422243653
ck_1bb212d1288b9689,0.02614878447754985
ck_9949f53c155b8dde,0.0025757904399879798
ck_04a1a46f07885296,0.022235477937397708
ck_70c7679199776a90,0.012366788580839597
ck_231e6dd1fe708000,0.0016438175871805944
ck_e013d88ea7939616,0.03969769884914918
ck_d229cf7f5a3f38ca,0.012702397715795295
ck_0ad6fa0e23c3bd0a,0.08021285515301373
ck_3a3daa8b376f2a18,0.0011548086563441925
ck_f0d6633d0834fff5,0.06693570155440066
ck_5472214011fbc2a7,0.0050158606292970654
ck_e0239e6ae30795a7,0.005308883035445136
ck_646bb3c7be5f0817,0.006244656736223611
ck_a9e7f3b2d5dfd97b,0.0026896713069595054
ck_d5ef1f6e34bb35b8,0.028251418734813977
ck_615277c8a4e2b18b,0.011204611645300538
ck_11318f7c041a5ba9,0.05384189038067258
ck_6d69e092f9b0848b,0.021399595447263598
ck_fbdac0221bc03f66,0.018108629137375033
ck_3854c08d17704347,0.04711617096176353
ck_a9989a3a94c26634,0.016060804248440187
ck_d3cfb3603f2c6ca3,0.02780794536512753
ck_ba54e0a1c328119b,0.9776779143037851
ck_ecfb771ed2352085,0.006523689785374943
ck_2401e8ff89e574fd,0.21079295036315626
ck_54e2eb018d947790,0.008083582885410431
ck_ad7269eaa65c67f9,0.02551430805706323
ck_cf2ca4f286e289ba,0.03551375987143864
ck_ccfc9ab888ba933d,0.04074651325195837
ck_c881f26c9bf9ae42,0.33876396751420407
ck_a7afdac4ecbf2de4,0.9284538496225586
ck_57d0a7eb7eae2eaf,0.030508699224980514
ck_3fb95862b70f505c,0.07592003111368018
ck_5478eb69ef912785,0.20397654861352799
ck_bf4e7d48770a4a8b,0.09649211565584626
ck_5875828b11406398,0.020300271050003375
ck_3019afee83342701,0.026895514799593685
ck_dfa0ac11fcb1dabd,0.0012705217491900604
ck_2d695f8358383092,0.014844458809363834
ck_7717fcb100dc4b5f,0.025540673987343308
ck_682262b455a9edd4,0.0003817577151978082
ck_18270fee7c8fcee8,0.0015823966631081689
ck_e6d3ce445b86003f,0.0006290985253644878
ck_61d7b0568ec5d6cf,0.041106185239912114
ck_bd1bf9e3e29de281,0.02452580711960612
ck_7ea0bf310fc20c7b,0.9646217349767904
ck_328696b8f5e54ec6,0.04668716695029233
ck_1507f5aa50cdf3a0,0.0037275475744154097
ck_ca10102961f99eb4,0.002795838521117255
ck_61b79dec96d15713,0.0015782743582893304
ck_ca7b993e8286af7f,0.5877376886282751
ck_c9dcd92b2f836b61,0.07240362453310786
ck_fe2fc7d6e5d83f09,0.01595554425073713
ck_b6e3af0a5119d9a0,0.08109946681050413
ck_e535fb0f0c00418d,0.031849030692117475
ck_31109c899336348d,0.353824270700508
ck_d4e024fcda401a31,0.0033304459870992587
ck_9cbef9bc95449dca,0.0045775909299156994
ck_a397cd64ec5d644b,0.003049125886593276
ck_b0f191e44f9b6f35,0.04512813502109744
ck_3049d744b527f4d0,0.011734453072371306
ck_6f661b428d6fb8e4,0.018657607887808975
ck_da59ab47cb6284ad,0.00246073251067626
ck_5576ffc6aaf6f22c,0.0005446483042531236
ck_8955d7b9030d5eb5,0.019735640500563593
ck_78a61215675b38f0,0.009448356613223359
ck_001e42551cd06e40,0.011396007592057352
ck_3b6057d51fd4c7d6,0.0045950739066902896
ck_87110d84872c0fed,0.017380654150257708
ck_f034adb57391f3d7,0.025384626065343478
ck_d84b5403da4cea7b,0.01383021128863583
ck_f04062216f95fa00,0.013533801370676736
ck_d9573100bbff4014,0.07387137716538958
ck_b5d0d223ef56473f,0.0125976550189526
ck_3aabf5e0f4defb41,0.013426969783561081
ck_ac449ee0c315edde,0.0013130053382817972
ck_085d8c42739e2b10,0.9914502309851864
ck_937402a60df0821c,0.001795473486894705
ck_cd1dc68e441222b1,0.9789581323531296
ck_714c5d7cb17bc9f2,0.004561942422445185
ck_1d01b4a609918c4e,0.7299022407592457
ck_cc1c0b93d05b7d20,0.06087302001412475
ck_46f4e1f5026f4d1b,0.0004733226603329971
ck_779491819995625d,0.8003213460777575
ck_46bec0bff167ed3f,0.01980062544778946
ck_92d679d6ac7dcdcb,0.05578408591988384
ck_22a7cf3b99c5e5fd,0.14590256758148162
ck_09faa4e771cf876b,0.004471409701188507
ck_0b2eeb4e00ff7955,0.009735205186378543
ck_9843d0e61c37ebe8,0.9862030444311191
ck_e2f792fae128b18e,0.12329512297768237
ck_00aa5fc3b3bc66aa,0.10413765541723356
ck_3dc378f37d0b74b8,0.022768623266936325
ck_5e98ed6391d9f429,0.02793895536338165
ck_9036b2e5e9298a34,0.006193929246819412
ck_a1cdebfc42a52448,0.0010318738592748013
ck_5f48762a14a0326f,0.0022635814683687177
ck_8adb40b168b59d7c,0.03049658010997215
ck_c08e64d424e56c05,0.03265481235464601
ck_68914e67343a7d32,0.006003684592725523
ck_09e9c51eb538b255,0.0428353489095407
ck_f9a68da9e0f0bc85,0.0025419455043951622
ck_498a0acd450944d8,0.0030811059373965547
ck_67ab6f9e05c85085,0.02021095861203578
ck_aac70764dde15168,0.006754094834214624
ck_e5ece47d0dd10526,0.021346434322540315
ck_aa8b9b36a099e4c8,0.07657937855026656
ck_8d2f62930777416b,0.08130064998916432
ck_8312c49b1431a406,0.008609430310356513
ck_6438ae81d43cb196,0.005375542756353552
ck_949f08f8e80e93ea,0.001159829429362354
ck_f9b439c9161c3e52,0.0011202380457439889
ck_4dd4ed23e0b927b7,0.12883207741307032
ck_18b36d342b530af4,0.014962663608913173
ck_8c8c98cc694ac900,0.07896318650407175
ck_74b502b20690ccfe,0.009292667500741588
ck_7f0c4f609673ef62,0.015292490997865213
ck_02241f3dc301bebf,0.006398380315868412
ck_6e5752b87324b58c,0.007721981658489283
ck_b4068439c413b150,0.020443203196938892
ck_bc82fb1895fddde5,0.0022092914628862076
ck_0a45d033d4e280ea,0.029834520801741378
ck_39a3f1da060e88bf,0.009975207443620189
ck_8f1cbc432e2774f8,0.03460045705014922
ck_8ef97b55a5fd6ec9,0.0014304967261647983
ck_aded05ada490da20,0.007142318038945271
ck_335e63101b1e6c4c,0.09864751549159827
ck_e5c30947b732f661,0.021299706023966657
ck_f824b326d5089885,0.17967428770558222
ck_a4d7f6a5869d440a,0.9871068276258909
ck_58e20f5a3e7f11b8,0.5211133974282917
ck_a04403073c90ce38,0.00048827539527887895
ck_9eea37d2de633b27,0.0023099755082937865
ck_fecb39c82c43e76d,0.0021569091572497855
ck_f5adad75e1c06731,0.03500688327248798
ck_43dc13b6b6d31297,0.05942693768463185
ck_3acdb083e0d8ad61,0.0008729782388586774
ck_54bfd70022c66983,0.004441538008013369
ck_c422ba389ff00781,0.0012110750473411976
ck_b26cdb2b7b165d2e,0.02112483487910824
ck_4563227b2038ae07,0.09262862878946476
ck_355c4f29089731e8,0.9393639354073079
ck_fa4211c4d826d830,0.0018510365932994557
ck_e886ba71d4a6fd73,0.013289973092975962
ck_f76d929541ed41dd,0.06720540189600997
ck_0f37c554a5057801,0.8796986236250474
ck_0a7ba51d626e932a,0.026609752013824726
ck_55efc92394fee232,0.20719752496604102
ck_1df4b46c0a4c317d,0.024823478214894158
ck_ee52c7bf88f952ab,0.008899524795050134
ck_bc273f3ce79f7e1a,0.004556322470248334
ck_9371c700d9830326,0.04487042343735537
ck_65acc43a6dc3e65d,0.03785946905622674
ck_b0ee3a98175b462d,0.0025881506380164734
ck_dfbb2056f1ef7d3b,0.0034904413258045664
ck_5043e474f848346d,0.020901957072751994
ck_6be8ae9d78148882,0.006777179951373321
ck_fd4cf578e87703ff,0.013288819327900733
ck_8b24eadf6c72b30c,0.46468098854332485
ck_38c1c75cf055031b,0.021493638185877576
ck_c8001bdb9aafc8a6,0.010960463700757992
ck_d598fe8d2c779ab9,0.01040112240846076
ck_af25c72d16299258,0.0038521411183851557
ck_0c1f088e17e46daf,0.018747575568072133
ck_6c7b41374f9b2e55,0.004463165140407725
ck_e4fd8cbd842b6993,0.004685040589365773
ck_220fda3c11c59b6c,0.07556904767817774
ck_e3e95546a84d0ed8,0.016651269330882113
ck_53c8315b5c30acb4,0.01797206526471699
ck_fdcb1d9265d8fec1,0.028775018898424553
ck_94f4266ee7871345,0.02235540834992859
ck_7a7e40ee3f97c035,0.014270816557966356
ck_6a519bdac0d94527,0.0016174142491003347
ck_ff30dda2c881a4bd,0.5457228371486645
ck_e7b4016909405981,0.00032044355138205916
ck_1abb93f6924645e1,0.013771558956076495
ck_5e74fdadb93ff293,0.032405742379778585
ck_fc2a6e27b10b10e9,0.0011037871565050688
ck_47ab8e51e5b3a2d8,0.001915628713480818
ck_246989b0c288664f,0.026090659648465984
ck_ddc7c1f3d45fe6e6,0.021101777942440936
ck_0acc3d8c67218b9d,0.003080175322035933
ck_4c840e5585a7b167,0.1617403416586089
ck_1d30eef7110809e5,0.18610892504391308
ck_ebbc9418cd41f692,0.0007724297675089812
ck_93cc12703b500613,0.02704281797543405
ck_5060aefcc8b6f958,0.044652452969190855
ck_0595c2a0c7881e05,0.003379318757134858
ck_d9735647a6b0b0a7,0.18656102796200696
ck_f89719a854fe11d7,0.027251574316668477
ck_d813e15ac91f487c,0.04571601908620885
ck_cb8551453a7bb929,0.007609317305784915
ck_8642e3b6d84f49d3,0.023929751470659292
ck_9ec7f334604a228f,0.015105993749710212
ck_e0b7e2c0bbe228d9,0.0025042511209209064
ck_e7b40b60786c1530,0.002114652058125719
ck_edf229c17d25dac1,0.07171012518612435
ck_4424a5223ba2fe00,0.010916366162443748
ck_c96ae2c28086a059,0.009264308230647748
ck_ee40498cd97183d3,0.005508262954421024
ck_13d1b192bbff8f32,0.012072358092793233
ck_079bd18dacb704a8,0.16776458179402645
ck_884168153c9c0c81,0.0010141603181310042
ck_dbe58392635133ca,0.023102169766487435
ck_9440335375701f44,0.00992715623312898
ck_9083ca9fec2a7f4c,0.00936913457530481
ck_2f9fd36a4a40a6a8,0.0004328807251807493
ck_8bf46e472f3e20de,0.11813685382485037
ck_a76ee3b3e3e522fd,0.06245502971169129
ck_9dd7daacb7833233,0.01256717825188395
ck_8eaf9509ad9462a0,0.0003767714226234308
ck_c5517923458106ae,0.008985947668736002
ck_74a4244eb1f162e4,0.0007843429431414081
ck_fe1b1adae3be70a6,0.854772950061287
ck_571133b2aa8ead51,0.017584890536084943
ck_2b87683c90acb852,0.01754820165242241
ck_3f730318a9792292,0.026426783117981825
ck_70804f60d9704128,0.04091117741228762
ck_7356f47dbbbe7904,0.0022454492053629004
ck_e7651fb87bb24132,0.0015841089323448871
ck_4a59f4e10bf45d7f,0.0006808662783379677
ck_98e337806104dd88,0.000834196407569779
ck_c39a9e75760e3201,0.004335179614823332
ck_39d5f6c17c745ab1,0.0005137682662945456
ck_ccbdfe744acff8bb,0.03734509924459245
ck_d6ba7ffd2ae08863,0.017892982906536303
ck_0eeb3d9b3e697edb,0.015477947432713938
ck_2a65f1cc23f1180e,0.0010963494177224815
ck_c91b7fccf6aeb4a5,0.02977012253387102
ck_e55b7fa67db1ec27,0.0023965558498756203
ck_214af0806470ef48,0.0067805941622826596
ck_7fbb709a0fe95759,0.004182811684733274
ck_4a9a791a1d409a3d,0.06206277009606493
ck_99e52c3c2530b69e,0.9987309665138471
ck_eb3fb1106f2f1b21,0.0358739995524771
ck_08b77ad5f8f73007,0.018543390864745022
ck_934fb5064b6eefe2,0.003284126605515626
ck_6a92cf5f4cf5de38,0.016834561372155415
ck_9ea5872f14cce338,0.01019860180771458
ck_6ff6883633b8c7ba,0.0008140912608215559
ck_f19030e6e85a6776,0.06187149573271061
ck_cdabe60ab59f9d5a,0.0026805710239445092
ck_75fb7e56432ee4b2,0.004047830142941195
ck_bb84b2b30293f566,0.8057595120701438
ck_b898d912d1181ef9,0.022804256360126077
ck_348a525791ae6475,0.01705442980052122
ck_18ddf7e836256e3b,0.012640002391327648
ck_5b73d7c5255e58a3,0.11279483903540712
ck_48d4d63beb26b623,0.0058761116431567725
ck_020eb0e454524ecd,0.003017353520777089
ck_961ddb8ff55d868e,0.0005972287900953203
ck_109fc467ec0a4af5,0.03168497216894269
ck_a872df31b28a5f7f,0.09817117926748525
ck_f0093064aa28f4d0,0.04385565629618783
ck_2b699066665abe8a,0.01176657143485617
ck_a17128972d3e507d,0.09008670704144234
ck_8f35d229b62c8f23,0.007628560291829969
ck_ef8a6af43fedd464,0.0035491275893105817
ck_1e6628879e9d653c,0.020713733399486213
ck_0aa9db36eb16422a,0.0012205992917119746
ck_b53e88c0e927d896,0.0008549202350582112
ck_a9cd84a6dddfe584,0.028317599414189838
ck_b498fa91a0776ff6,0.024449034153003302
ck_69eda24e931fb36a,0.0008093315756381778
ck_1f0bafec397da8e4,0.10463020012821592
ck_523dce06515b072d,0.021281730208707692
ck_404e2217fd87fdd2,0.002075641810848733
ck_6b954c75aad8c012,0.02586648954201028
ck_614f777c2eb5d537,0.0030793253286895412
ck_7f8f864fcc90ca82,0.015102850494537714
ck_58afa1550b3b5294,0.021959680949525558
ck_ca149244b54ef3ad,0.0005627137334353902
ck_1573878386886290,0.009963881039106955
ck_7ecdee2d7127be8b,0.0087588864133436
ck_b667952253503174,0.004480409835243227
ck_c8307fecafa90140,0.009573943160301713
ck_99a92d710a29c1d0,0.0031943355034564623
ck_bb6cf7e7b707731d,0.9263825965770977
ck_fe3c1d0ac090d960,0.11333739241711933
ck_fc60f42c68c7024f,0.019635293215504408
ck_f71a4094e889c3af,0.0015130656574232537
ck_22311b037456a76e,0.000945668460834354
ck_fb90408f4892a21f,0.023137885635265334
ck_5866b413549765bf,0.007740671018661402
ck_2ac36e1dff211d38,0.028318845438291825
ck_ba8affe4b9505a95,0.8918303685320116
ck_1b2d9cae92a1aab1,0.045796508148255255
ck_58f4c3ac61fda129,0.048453750146128495
ck_a378c58294001a36,0.9060455437071429
ck_afc484d1b6907983,0.004913274057963329
ck_030cf09525dba4ba,0.003411316390013979
ck_babb95a76c69509d,0.03571261472163182
ck_5662492a54e6688b,0.043860154757545046
ck_db4083a0d043def8,0.06799535355634086
ck_c0032232c2868328,0.023625454068470348
ck_cc91bd7152d3e9ba,0.006491661846838615
ck_c484c5bda389bf20,0.001266524177545067
ck_a7ea00a1760ad561,0.9883576666508889
ck_cc90e219f1ebf390,0.002324692604108173
ck_ddd65711b5651f89,0.0009430011764146281
ck_f589f1e29301b5fd,0.009078556620055002
ck_8c6f059c95872126,0.0009971539922206598
ck_87f82b2b5fee757a,0.019370667474557148
ck_3abfc010091d679d,0.012139439799516963
ck_b8465b1a5666155b,0.004565428285322257
ck_f0bc3bdee6bfbb94,0.019844992145912007
ck_767e0be086b5f601,0.015804529288709585
ck_96810ad39d4cb7b0,0.012027021448814942
ck_9741a82faf5c7889,0.04053988077853849
ck_97ffae702f7c3d08,0.0013227763951134991
ck_963762210edc5694,0.018934421834301773
ck_5ff6108056a3fef5,0.004705971724743948
ck_3168f4f2778d64e1,0.005083876525852135
ck_59d086fab5998646,0.01451576724362524
ck_43292f70a03ddf2b,0.017892395515284695
ck_0b259620eac51618,0.00942447961172237
ck_678e74532ac19700,0.010779654107648117
ck_52e1418cf1aa9871,0.012500456365173575
ck_4f875342394c110f,0.02163713632746333
ck_4f639f4ee6ce8d9e,0.029837917032925206
ck_36224a2d394ebfe4,0.062028088921680664
ck_fc4bfd6e739bddea,0.0015014744466196669
ck_88ec57a11b11f702,0.9925608230631244
ck_896096cb167254ef,0.04439039673100792
ck_c920901b9a4ba993,0.9696634589812974
ck_2ff1860da2004c84,0.0023623772012059878
ck_631ea1ae91ab333e,0.032146951934367875
ck_0b9fcff9667ec05a,0.011264095379071864
ck_d3eab7a06eb48348,0.04901662627611099
ck_4dec3df58077a257,0.03538940815736443
ck_73d3689728270a2b,0.0017582886555011735
ck_961e7dbc217cfbbc,0.0057183324645627654
ck_dd97429277a2fa00,0.02552373662311644
ck_5c37f7563fa7591d,0.011391372258610243
ck_f2ecab85d4693b4e,0.06121012417869499
ck_a0e3a2facd508e49,0.03196953033856037
ck_02e5f9cbbbf2f078,0.02288109195731419
ck_d064428b7e7dc409,0.00648468376377398
ck_4f463ef25325ddfa,0.218425017207947
ck_a6fe344bbf67f14b,0.010252991126736046
ck_e03b7d0fa0b28f4b,0.00110686072408201
ck_2f6b33bf46976229,0.0014421017047117526
ck_9c60ae6958d68dbd,0.22609807648808397
ck_d730ff21bfd7769d,0.009646328328046575
ck_7048bedd554c703b,0.001667050030530175
ck_9e0383e1fb6e214d,0.0909274565398814
ck_733aff0f56f5b3c9,0.028802721924358527
ck_11af112667c98394,0.009994823121237652
ck_004efa95555437e9,0.005117347544990962
ck_7de6997178207800,0.006809001764747164
ck_68dd79a51eabf5e6,0.029246171337659266
ck_0567302c57a2417e,0.049638220903124336
ck_59de511b20c842ba,0.028128505828740595
ck_f1ef5cf7f10b16c8,0.016670386903713672
ck_6a475fe324d7d790,0.015422756529376516
ck_31199510b40602a1,0.004627979629721203
ck_2a6d43b9f883b78e,0.6028799198643641
ck_788e78065526ee19,0.02432170203971324
ck_fdf89dc69f700f84,0.028826957972382838
ck_02a8582c2603e675,0.013338837937962053
ck_9c9e8a38bd5a6c88,0.018658571521216433
ck_1c2dcae19539e148,0.021208695014661685
ck_c7a9c7b2eef46a99,0.0026999418338759904
ck_d9f8efa6a7800f76,0.006518714783852834
ck_03c4fa4f3ed3512e,0.0006512209513878621
ck_c80a94d4660041fe,0.010202252685563042
ck_4819327a78615485,0.001477485418347757
ck_ab3de3d3e41c2082,0.006712625215334328
ck_e86ad2fe815b6ed9,0.10510139747958981
ck_c51131e53baa59c7,0.0003913078474963725
ck_e963d8525018d072,0.015168890463968002
ck_a4a01fd45936b078,0.02403991850960299
ck_66aeb00e44486cda,0.7571013910340623
ck_838c52cc1d315ec3,0.005958011362994947
ck_d20d4ba60eec9945,0.008668278532994254
ck_1f1273a67cbad5e5,0.15430912773583683
ck_44e57a0bad5a0745,0.009763248849532592
ck_9df7e153868bca13,0.007976082366349965
ck_50d7c4dab837bf66,0.010834724945179066
ck_9cde4036d0914427,0.008665698252899558
ck_d557b9feb241b3ec,0.0012010699181914082
ck_ba4a6b9aa63964ef,0.009072808171105473
ck_5ccc0c94e5e1f849,0.005741533526860374
ck_3cfeade2cf270fee,0.0030006533259320793
ck_faeb0da678bb86c0,0.0031720827503317443
ck_0f35e930d0614613,0.9964889467578425
ck_0e962eacf98a813e,0.004606319827961155
ck_c8b2e2cb349dd0ff,0.004724419968885314
ck_45f57fb8194cefc8,0.003060453215691033
ck_cf6aa24b92c4d33c,0.9047284792641032
ck_f3bc10e3decefce4,0.0014511917305061678
ck_c2466fc40fc9d5ed,0.9928170969699339
ck_5ef50fb07b6737d5,0.009887591443664865
ck_8d0cd981ed3a183a,0.01830699043380499
ck_aeed557007d52e9c,0.001034099869331227
ck_dcef7887a4f1e435,0.021643890787292744
ck_6d6ac1f5dd882aa5,0.0005628140632835745
ck_9e3fbd04e3532f32,0.19174912619440165
ck_b8e5244e650aa81b,0.01218081269303442
ck_975c2aa3d4a8c51a,0.006033997190672997
ck_4f75144c6f3b13ad,0.018939268445120148
ck_0e7899a57cd617d6,0.0012366495711631654
ck_df8ad2deb0a4ffed,0.016877813206437678
ck_cf7a022178165e56,0.0017669082475655702
ck_5bc07deb82edbad7,0.0008571889766493086
ck_f2aa1b677619ab19,0.019041604865513526
ck_cb42e3be6fe87f60,0.0038498559461634142
ck_4dfa1c1e9b69fcc8,0.009829940407974387
ck_23756522b58df5d8,0.0009503828706200644
ck_c76f1bf40f3b787b,0.0008807677746708164
ck_dc569c1167ccec0d,0.9111311601614303
ck_1ce20e4223a936b1,0.010471630054126815
ck_6b97d1ab90f6bdeb,0.004259846072977487
ck_1e97899875bb427b,0.006220526618389456
ck_4b00e75c2d2d0522,0.0030646484755171206
ck_e80883208e8d0453,0.008364884026546797
ck_636111f7f030496c,0.0010794981423048148
ck_a2d0417791d4132d,0.009725499455740813
ck_7a7bb9be5a7e48ad,0.007807470136854001
ck_5d2b9e6e087b8dfc,0.9983231363411097
ck_6957905a65c47879,0.02473619778006007
ck_a33d2325f86ab12d,0.001081860868919472
ck_4df036e2aa7e1056,0.0070710126111297065
ck_05ab5b03d0bf9ce4,0.2615037986651399
ck_bc04f51c23290bcc,0.009698338170334631
ck_2ce8931af02a2ce3,0.0171431673794655
ck_dfba788f35d4c372,0.01401595079985556
ck_90eeca1cda79fd41,0.0006887782166203637
ck_f96db2a1f3448d1f,0.014937118369824042
ck_af5842fa7202ff25,0.010025334354774871
ck_ea62ebfc1f04b49a,0.018141136156821887
ck_75bb521de55644c7,0.007901840002617967
ck_81a960fddf79ecf1,0.9531195627753603
ck_8da980cb2e1e2bfb,0.0069524627847373805
ck_fa321945ebedb916,0.018155120742000888
ck_00dafc060c8de32a,0.07325760675509074
ck_f81a97d350397306,0.02088401773130681
ck_255d87b7fb40caa5,0.013046652468739496
ck_d5eb179dc45394c6,0.020893874448266243
ck_628f449e248c19b7,0.15894880714363563
ck_d9506476ad3f9e08,0.004671735614062675
ck_e3f1d85fa5d49396,0.0092604937386904
ck_6f3a28eecd2c4031,0.03806449181335818
ck_46d8c029d46867b2,0.00513213831243554
ck_daf7aea023b7a8f6,0.010281771689318282
ck_aa37993f1c17cd1e,0.010628422597386639
ck_9c3aa9f23d01fa1c,0.0016170673799289228
ck_9658a6ef471053f0,0.0053184509355709
ck_260cfe9141d249f1,0.2679000742177972
ck_8f6ce158c2902877,0.0015398768502857011
ck_430a3d03be588201,0.0034019400998859793
ck_b5f9dd00914b4db4,0.004404446181383775
ck_1c6820fc38135ad9,0.011433842395312189
ck_1f22f04dfc08cf27,0.006633695641797762
ck_aa0a3179f1111674,0.0016891969962323414
ck_9d4b5e6b43bad4d8,0.004862155195241295
ck_e3b3c5a80a567418,0.0010128947574418656
ck_937f0da2306b2eb9,0.00652394051260814
ck_cce8b6657a538fe0,0.00706726497336006
ck_9e665618a4860306,0.0018333254658371122
ck_8cd274cc85aa35d1,0.03179279761293458
ck_b7da6640fa2f49cf,0.6768780318516727
ck_f568772b6cb3febe,0.03761230732576559
ck_e95c8cc1864bd584,0.0028988624458569697
ck_66600620149c8799,0.004431372952024921
ck_81307759252571be,0.009550883125577772
ck_378a9df82b1e0bee,0.10723772973453902
ck_9ede89e8a43c3f53,0.052089822659964195
ck_2ae6949246ea2648,0.010352820496208339
ck_2c27b77c59d8f23b,0.30714934330142785
ck_94940d783e7988e6,0.002811821809092192
ck_2db10f987d137582,0.01575159166470521
ck_dac3852758f4ea89,0.0016443543630584854
ck_b5a3e20fd210017d,0.01424092550231717
ck_3f7c870510083a51,0.023646428563353968
ck_96a89e720176b389,0.056235564392254585
ck_1aa87cb62acc0ac6,0.033497815922267936
ck_78cc5ec4940fec3b,0.003126688937160786
ck_31742076e9a998f8,0.05282427273116223
ck_3f9e6d356d3dd3cf,0.0019473911471307862
ck_ab1b9d019921bca7,0.014940706275519815
ck_c8791f7ebd4d93c7,0.012206077997226486
ck_47a6005fabc33551,0.00305381674037276
ck_5a540b75c866166a,0.03232711964755268
ck_059e4fac6b7f704e,0.0391520516941777
ck_6c72a36b05fa0f4c,0.023476460382376586
ck_966a167758fddfd4,0.06283058648522694
ck_9ce743dd3e92549c,0.016014876676762903
ck_08a6d4903a7fbaca,0.027142728043514395
ck_8e5999c436cf037e,0.0008311441424787247
ck_acc764b49ef02826,0.4256960349081838
ck_7cc2e091806cfa5b,0.043546364330709186
ck_5ef935ac3d4d3332,0.017644985438691283
ck_a84f2cdf695a71d6,0.009707817079461658
ck_0a4d7acd2a53cbbd,0.006341423214155041
ck_c5e4a17d3efb19a4,0.1091913449019619
ck_8716cbf892c50e29,0.008070193306366042
ck_b8c7771de9b57705,0.0036760553545670894
ck_0deb56f3f6452818,0.011354821158926543
ck_c1e5182bd99e0e35,0.7098515389756213
ck_f786cbc987b70930,0.0012230093524319017
ck_ab581082e8f72e3d,0.010703117045420044
ck_45e70c8a9686580c,0.0749497701218967
ck_6fce5a893613fd2c,0.0003026293801926412
ck_003148504557f720,0.02958146198359044
ck_fffa0622344a36ab,0.0007350082074660233
ck_d19bf4dc0627113d,0.0018991716903180246
ck_a337eb38eefdcc88,0.04379640001665153
ck_d4b23804cebb045d,0.04588974322171996
ck_7bda5b5b927b2905,0.03234920489696036
ck_f8124911450fdf31,0.824992914771871
ck_b4d2f02d2cd45720,0.8160710598268177
ck_0f4e2ec66d50da5f,0.0009051648719450752
ck_186161ce152836f5,0.0073340413290320355
ck_e4d0a9e1102a58b5,0.0057499200892342055
ck_a115a7919ac5875a,0.028309875341836103
ck_c8efa1538b37c359,0.006635698373282234
ck_4d9eb75e8eee90fd,0.017815691997449697
ck_9ea3d5a5a91fef9f,0.020529530203554816
ck_3c59df37895ead2d,0.005604378868576108
ck_ea269b35406473e8,0.000896840579340155
ck_2a5b31594206eb30,0.39123566366958007
ck_1fcc5843f39148a9,0.006317185657141332
ck_7951bd4eb99a0175,0.0015982605985594104
ck_abcbde211b6267f8,0.045260138431783135
ck_7b922518f667f76a,0.0013760205571642715
ck_0bfc394c5faa65cb,0.0052930923842911945
ck_0bd77fea8ed75a15,0.02570298778943341
ck_7c77e597c951cdad,0.01606918734793005
ck_e72db9d4b2fc9997,0.9969917451492889
ck_ab01db9117acfe3d,0.035974188668517065
ck_471e4018a23b4e56,0.0013215685201567197
ck_4b31a8862a857e6e,0.4913828038263113
ck_87cf36a03bd63c24,0.7806128266641558
ck_adc576690df5b33b,0.020895114926713552
ck_02dbabda93c8c13d,0.029604703297728772
ck_64f5eb4be9e7b8fa,0.5157163049002724
ck_43c1248db37a2eb0,0.0034931504343258145
ck_b08afc91d9ca55db,0.021996053297928767
ck_237508ca4fb37268,0.06834851735576712
ck_982b0bf2e2b6c4f7,0.003786967406276023
ck_71c3a8e4c12c989f,0.005401905002670636
ck_41938582f4351772,0.021473715372203526
ck_642344e5c652d8df,0.025744987680494696
ck_cee56be5a502fbd1,0.11585791134335507
ck_0f38d4aed68d7d24,0.1106309824728299
ck_3ed4d13f12fd9d0e,0.019511103289761418
ck_1a9e51d092d62c84,0.6246471168634024
ck_22128a4f0d033422,0.010590354710388366
ck_c189b551bd111332,0.0005051784816755797
ck_5d7801201749ffde,0.021008496121223866
ck_982c2392238b7be3,0.25327637307308165
ck_bb4c6b713eb0b978,0.06557208698033219
ck_2605fd571219e28d,0.00047638060640046136
ck_bd30853e9a57b544,0.03501927899366076
ck_a5276af466b681de,0.0024788628536724913
ck_32e486859130458f,0.9597712695194417
ck_9e35b908fca1e4d7,0.0010456199570406533
ck_c285a51ed6214f52,0.0454981243196159
ck_67674348e68d1f25,0.010423853145115783
ck_7878679065876b98,0.03426892836685901
ck_bd32dd3b2cbb7888,0.9956708992936358
ck_16dbafc035574654,0.003805601638379663
ck_c1c2cb49c3c1b0f5,0.12052655987255038
ck_8f59f11b512d5b7c,0.03982969016681777
ck_c1b493527224a27a,0.0027317892639882853
ck_e89d25ed7bdeeaea,0.004381530632409148
ck_9a84b396aada3fa8,0.06930602830708293
ck_d2fbd0df99634676,0.019336879282688884
ck_67a1aa88d2ea554a,0.027524118380438237
ck_ab2e3fc56f5b3aae,0.013170432273156093
ck_77c587d24695ea15,0.022969407773793096
ck_f0d806624ef3d359,0.010896925258908407
ck_160e9ba0a3f7c1fd,0.004351407741002557
ck_8c0210322733c718,0.0025510403093823315
ck_ef261fc09be8eb0b,0.0029854638644773203
ck_a2624e0387974e0e,0.07959920024971566
ck_6ecf56236789fc09,0.9861828269684867
ck_3af1eb88728ed8c7,0.019827128433695062
ck_5d8773badd0d4740,0.010376665241970607
ck_e794741742fb2619,0.006705396256614031
ck_2f8120ca80a1592c,0.005292809425077979
ck_ccb4dd9d0a48a76e,0.00516632337345811
ck_bfa7ba218b988cde,0.04079536925687599
ck_64b4dcbf436f0b75,0.00625236667011056
ck_41ba315d8fccb559,0.003423372729475174
ck_d23f9a50d1135ce1,0.11721948289558837
ck_4af5ec61ddbde1a4,0.014877135687290677
ck_560bc6017870ab06,0.004830563284567553
ck_dbdf8d0708cc6718,0.0021504910586183754
ck_e00332597cf1eb24,0.021485897312250604
ck_df6fe4ec5a233213,0.007474994271237087
ck_94d5ce61a0c50465,0.006476125529383754
ck_e6fecb82fc2a82de,0.01206333953228538
ck_c4f4f28457be8a74,0.0005975638197759674
ck_c7e129058beb3ac1,0.01840982551771394
ck_4ec040b9e3785e4a,0.002016544864096741
ck_e21f9f96f597695b,0.008440781007179793
ck_ada6ede84c111719,0.002010901160128398
ck_549ed417f2834cee,0.03503107725289821
ck_5068ee554ceff971,0.03837839021764658
ck_d7d50fb57fcb2d0e,0.0007950028650995181
ck_e0e9cfabb979f428,0.004858081172776851
ck_34bd190d37eda534,0.024059694039825264
ck_99021fe7225b5a68,0.042210180031916386
ck_55933936536a4071,0.0036334936178719504
ck_517620ca16505af0,0.004474802708609798
ck_ce927322ef8f651c,0.014076229041999936
ck_b294aa27a0b586d7,0.0022687761658643636
ck_c9f9fddef39bc664,0.022203504522867356
ck_13757bf0eeb353e2,0.0063203651203380205
ck_d116e0e7c19b878e,0.4749810896201875
ck_a3747201f377626d,0.9844858464793217
ck_a315c9619a317609,0.01839790768257701
ck_9958b58da9e3c21c,0.0027859018632187095
ck_89184bf7b7fe41cd,0.12714850362598595
ck_16b66bd803288bc3,0.7782728135486807
ck_7b382e533e2e925a,0.0195335687805249
ck_9a56739d81f84a53,0.001361548211861618
ck_4f0c5857da45fb28,0.03558541368454167
ck_3b49768b448b071e,0.008449413393515504
ck_54bb53b8f8ea32ae,0.9925357436154801
ck_4c7c50684827a2cf,0.002319758918201881
ck_538dad7f096458ad,0.0045626600155509855
ck_2884bab237af16b7,0.010253079250668477
ck_8a6ea4a79b1c7a8e,0.01057474508560103
ck_57c14e32fa4683bf,0.0013308654146946956
ck_c5b0f0d4f1655a20,0.017202935321005405
ck_aba573aa942b1d41,0.010272025612526983
ck_15239ef0689c1a35,0.012305002188466214
ck_aa153a89a52f7eb5,0.03118287884448227
ck_fce0610c527e2b56,0.10552274701812216
ck_863db2e394dc47d1,0.973320854161741
ck_66dd4f4b4127256d,0.0015627739670622464
ck_79205e31223df2ad,0.030897480228839657
ck_31d5e3daced93d3c,0.00926355071385501
ck_1fca72e03143a645,0.967474435143397
ck_a627734880aca848,0.0006219429786343554
ck_8449a28f7d475d93,0.06360132792425452
ck_27eb86a9898cdfe3,0.005044570957042405
ck_50087d8666191144,0.13487665570774526
ck_d28806a2179092eb,0.9984121296610462
ck_bcc8519fe8521038,0.18949652735836883
ck_53036d3c6c74446c,0.12143198368005398
ck_7d81b59d615a6649,0.05601780697484866
ck_5e5280539257c986,0.015130400032855736
ck_1838cf8d00f5b1e1,0.026884842189501428
ck_50460e0189de6274,0.9852249980453383
ck_325caeab5c7a9c3a,0.006756125574607324
ck_7ce4ca91b8f9f1c1,0.0037756571766734484
ck_f87d66946252476c,0.03783035135269296
ck_6d0d081bfa8a0022,0.02303228757802106
ck_ffc8e3c1377d0706,0.012814123547977327
ck_38d1a22850178f33,0.0007936246026860669
ck_5c58e7f8fd55e26c,0.0045787760069783716
ck_1375ad9f10688e4a,0.0018631774823656144
ck_7ce768407fd48321,0.03134707654876422
ck_31b16b8848584e98,0.01510937545704908
ck_fd44e34af620e606,0.028908755110932174
ck_9441d48a12e8a4bf,0.09526839745508481
ck_f69e93388b3028cb,0.15676081473999803
ck_687b412e2aac7eb6,0.05583824428292451
ck_f473a03fbcdbc4b0,0.001439738978304826
ck_28588fb03b320520,0.030265074243148966
ck_9f9555197480d1cd,0.010243698068565437
ck_2ddfc948b8eac752,0.22332430391313124
ck_d56fc799542299b8,0.0008757215585152606
ck_edde1d7d1db24725,0.0205974276102701
ck_81793387b38047cc,0.00382087572238764
ck_13648cbd306eee6d,0.01025495734354096
ck_a5d7311291caaa54,0.003224452002714357
ck_bd26d2bef14a8597,0.007741619696740139
ck_8129e81cde280131,0.022792570935866938
ck_431118050b834dcb,0.0001616100114662882
ck_580dcec33ec232b8,0.0016668352680257832
ck_ecf006bbc78ee3eb,0.41387265265065803
ck_acf7d65eaaa4c31c,0.0071383635884757135
ck_8ce9c5807acbef48,0.009516419730239516
ck_c3d7d3d12a1981a3,0.003891208063973448
ck_9075432001a64e75,0.018745377091417017
ck_f99738dff854e25f,0.0003994243054544841
ck_a1a93c5f375f6021,0.001373439653236786
ck_a35d81bcc54ece2f,0.060370459308430734
ck_f3996a3c8eea1ea0,0.01856608722538264
ck_b75b936aafac56b9,0.010448135142008208
ck_25c355da356c730d,0.017332514821965107
ck_5615c6bbdef05291,0.1512146346549609
ck_4db95c310e105d30,0.000556193243108201
ck_b76510998b9a2260,0.01482988996794469
ck_90bc176c43d85fd5,0.07766176838457585
ck_4b387765f0e916cd,0.0014979750585404346
ck_f11b1565f986f5e3,0.026037726113994845
ck_e5018f9418e0102e,0.037602117787614305
ck_a08f8dfadbdca112,0.0019942594189618448
ck_cdb8061d8d1a6c5f,0.005490759687319946
ck_6e8ebaea8f7bffaf,0.0005940868927383679
ck_66746d1090d6d9e9,0.001465563815049385
ck_9cf5e88e97c8c7ea,0.017036496629490933
ck_fae7e518a585fa61,0.027955273301999362
ck_8fc641b1750a2542,0.1300030813710349
ck_c9eeab826781dc91,0.016400331610825974
ck_95ffa1a805a1c9d1,0.0016747293315944201
ck_e839d104854945f0,0.0016096769706075
ck_f04040a830f92bac,0.011387845747865997
ck_e8b5bfa6838e28d1,0.007682913611316267
ck_72e7b1acc19df820,0.007013993987410545
ck_fe43da07608b1749,0.012935226261251258
ck_7e29c10d781c3b41,0.01247994187623679
ck_f56073911c9f1ab7,0.0007989405548082274
ck_68be4fefc85a6b64,0.12071746013836572
ck_f07b09879d697b82,0.0059153953571609704
ck_b9c6b32f6bd92a3c,0.00537986847125721
ck_c8ad86806b9a2369,0.04133387130873603
ck_722ac47c8ac9b6c3,0.2819650107308964
ck_d812eb6930192793,0.0004687104566922968
ck_1774faf414a5d49d,0.9905618475302299
ck_7b93a622e40d8b14,0.017449278683393195
ck_39638880292782a7,0.013819851688341156
ck_11132d245b94d045,0.00226996679514428
ck_f736cffbdb82db34,0.00033338996302689853
ck_0e477084434da450,0.02899338532560156
ck_ea819e337233475c,0.07044616008151577
ck_c6b6ebe145a8ffab,0.0032837798510712193
ck_0af3c13ba56ce57c,0.0020472835854181293
ck_cee8d42475a0f020,0.008217158977981085
ck_748b3ea941d8b3b9,0.002108243713565614
ck_96c3a3517153390e,0.014980862835398451
ck_de8af660806b97b5,0.0005836647987831219
ck_2951d76c41de2569,0.01008047175938986
ck_35fe969c58b9e70b,0.03028435105726244
ck_59684167f9c6bf4c,0.09994652382220258
ck_1645e6cc53fa99ff,0.045684400596591984
ck_fa04ac31e596e7d6,0.0072438411414302
ck_ace21f6daef94f6e,0.006434045103626735
ck_1cef30d08f3a598d,0.0021434574610413146
ck_cb61902798ecc4fd,0.055452403232421656
ck_9ee044b73943a90b,0.013394054590712171
ck_f538ab6aecf2adfd,0.0007516681578738878
ck_c2608f78f6851d10,0.8943999450131933
ck_cf49b6544aff6c50,0.2412751989813204
ck_f45bad1606fa00a7,0.005222100535275544
ck_863708a99b92ef0d,0.022026934662949284
ck_7fc9a0776e1339e3,0.002486441712384345
ck_320df984791a1b99,0.001392581187646013
ck_6fb2d142c09ed3ed,0.03438652401118398
ck_3e47f8c56c811700,0.007556704322316179
ck_0add2c321d579d75,0.021456395867199957
ck_e4c0fc52c82065d3,0.012871657185194793
ck_ca68dec0c7df5a12,0.003638529525511731
ck_ae3a763997f8f385,0.06831124455704327
ck_a38bd07a5fac5c9a,0.0037533815814224554
ck_a73045e96af0e4fe,0.008687083657398637
ck_f29dbbfdd2786bd1,0.005820398552906166
ck_a7331e8b808c39aa,0.0362140965799656
ck_16340be3f2a7fffd,0.002569012447312236
ck_b129261da9c3c3c9,0.0012198239996879154
ck_07840bba5570785b,0.014596509108731521
ck_abb056a9deab275a,0.01953107935538023
ck_126531a9126c17c4,0.0027877114610567757
ck_333a43ec339a04cb,0.03132595265625643
ck_34a6bd3be642f15c,0.009550197424627226
ck_9c46711b14d9eebc,0.0025274305998236276
ck_3acccc69f8b1fd14,0.03436392391262341
ck_74665e1209140ae8,0.015195360434386032
ck_670dc4910cf476c2,0.002777727339635281
ck_7e2d6b22a0ae20c2,0.02799277667108344
ck_723323f6870fab59,0.02542218207056877
ck_c8affb27ba7fb5db,0.02830589742602561
ck_e5f8c8a5824db594,0.01827163954011332
ck_7e5f02b51b9f78bf,0.0655591168208391
ck_b7e25ddd41514d4c,0.0013739829318067328
ck_0e0919292ad33472,0.9599364769665223
ck_e35a4b4a3cb4cedf,0.011235674444933327
ck_65be698386474170,0.0023984279224543758
ck_0cf220816e320ac5,0.003244567949122416
ck_0308e0602b856445,0.001735788048363584
ck_5e1b81848718bdc3,0.012031502325674218
ck_2085433978e72ea9,0.04244801114767354
ck_b5e4c6dbbed1b773,0.023436520547199607
ck_eb9f0c06ee017ee5,0.010617864856320278
ck_30dac0a58c5590cb,0.10075268091047038
ck_05e01ab9c95449da,0.01873441171666256
ck_f409ff994a210601,0.03882617253025232
ck_05652e8ace6ce6cb,0.0039450395210685095
ck_f4ec4a935e51b4db,0.042558747614094
ck_df5aedb4118020bf,0.8266306686925334
ck_1dcaa3078dbb7571,0.0016005635073583573
ck_47e1032f490bb018,0.010724006694362248
ck_5ea89567dfe78e4b,0.02078005779479473
ck_1225a97fc413a419,0.03121698016531607
ck_2296d7a563424883,0.011336206694004643
ck_57c07c45269ca8c0,0.0015344828388058436
ck_7df3f8f4f1068d62,0.0018237854088919525
ck_558ebde8c29132a4,0.015284007791227513
ck_2d923d957ffd4d53,0.007100230792738575
ck_6ddb55b1f23c6cb1,0.022398356253619103
ck_93470896f0804b6b,0.7914032575008926
ck_556c62e92d4e7e5b,0.056066554042761334
ck_a059d00cee5cee99,0.00357161813265432
ck_0174d76398d9dc0f,0.036973527001187785
ck_49e253ea12f4e922,0.04481933337801152
ck_f7276091bf513d22,0.0012219570802358844
ck_d321249fb065d2fa,0.027179039721803785
ck_e0403d507519b7d2,0.00291361854639093
ck_0f3de7f074bb33af,0.009401989907005973
ck_bec8324a3587ef04,0.002257055052995952
ck_a3c25d6cc7478068,0.01809055470390656
ck_2ab7eddee2d8c49e,0.0030496098550268154
ck_e475a3b8ba870a7e,0.004107016457511645
ck_9b2b0e286de78a1b,0.017997706221912362
ck_5cf67a3a747e684d,0.0390892461432165
ck_9401f9e11f65337d,0.010234353195688535
ck_a0e5656e1cf9cbf5,0.0043358880930265626
ck_398a1ed77b0130e5,0.016369744708300906
ck_4f5d022c99f118b7,0.015518612189632327
ck_630530e50764f229,0.025314437448920923
ck_5cacad76e02c8e3d,0.9865600735110788
ck_2cee2dd7bbfc09a0,0.6532967642604698
ck_9478dfe4114c30f6,0.009716846404536007
ck_2a09c7aa870edb6b,0.0013987862976544637
ck_d5d225ce41a1a762,0.019782796931779215
ck_76091f357974a152,0.029262491144754064
ck_26cfd7c3c6c7bf69,0.03560652811248017
ck_8e54386f4fe22cad,0.013168947300236046
ck_22b52654776a1ea8,0.9978876125618141
ck_822d6e8e43befc72,0.7588997562654687
ck_15eed0f5652f0352,0.005478789001700692
ck_6bc351a3d57aac54,0.013345046153182273
ck_bc736114a31088a7,0.0068227764333649915
ck_002cf760d173f0f8,0.008077306239847003
ck_8f8e4fb9c6190272,0.010465670417191137
ck_a39d0bca345b492d,0.005173139167357433
ck_216e87a41de22b5d,0.03062520519524615
ck_75296704f5806f56,0.0716480643053187
ck_2bdd8616870e5e1c,0.0008995889191774545
ck_798157bcdb9453e1,0.0036767967156394617
ck_9a1e3ec9a1839939,0.005901323090477682
ck_a9d994554fc14a02,0.00038841384610333393
ck_410c3e13b48e0415,0.0021568748667767325
ck_d4febf0083800424,0.04588323801332122
ck_9527adac182abe57,0.7685155250958229
ck_4087065be2a45ad7,0.14318023926783338
ck_c0e8560ccfd9dd9d,0.0024479916727688403
ck_8d87658a6f5d204c,0.41992091494356293
ck_d973444855403e2a,0.01140738336741807
ck_64eefec062592c43,0.009946637769769923
ck_5b86fd14e85bc9c7,0.9810293241569783
ck_ba175b1bd8efaabf,0.005336547661119439
ck_7696e38b3e4197b0,0.13832733163611693
ck_51bbbf8f8e8ad005,0.9991528117907236
ck_df935d8bdd44883e,0.011937546047052607
ck_a0714f98001efa0c,0.017141585120326253
ck_8c9b57ad2a991416,0.010621708024775054
ck_c8c1bf16d9113493,0.0508087616872583
ck_b89cb90a420c9075,0.008157026834659836
ck_f0424b3b36bdbef0,0.08272310813830655
ck_8e89ca8b39f3f8ad,0.002324430532909931
ck_9c5feef7647b0588,0.005442970414880162
ck_374865697f1480eb,0.016816835995853312
ck_0229a07185f15469,0.008286816575678277
ck_4291fd9c1161d8e1,0.014541116467881143
ck_61a59a7944d6c53e,0.9703024843487389
ck_f21efd504faa654c,0.003214583486885365
ck_64c1633297f43788,0.0006227720114634567
ck_991c4c924a1d85ff,0.9930204988482361
ck_2dd39723c4088b64,0.004147276184476646
ck_65f76421be648549,0.010492048396476687
ck_1b93381d8eea58d1,0.004628137961446668
ck_8572c5f5c1447c62,0.01714922738302628
ck_80b8fca67a14e0be,0.22678312848043122
ck_45ed5ee496ef8a67,0.005121799105484898
ck_36979996f33498f7,0.8515987655982277
ck_219bef979ee21bdf,0.0008012620080066275
ck_7a6cb27e390b6ceb,0.006320674287381999
ck_d07485ba10514a2d,0.23692686353831952
ck_81e21354e477eceb,0.04097117181397821
ck_df39e3b8a9fd0bfd,0.8367583271216397
ck_49839e761d0e74e9,0.0060021391852296884
ck_9d7b9e3ff1f3e71e,0.013451325859308116
ck_f63cb5e8cc702bad,0.01092240869564044
ck_cb856e75c949b0cc,0.00024940735436905834
ck_0fd9312411b0ac55,0.016314464361166812
ck_9affb0f26776b642,0.003678670451858187
ck_c417d06f3e94685d,0.0035941151102463734
ck_6c2453229d608183,0.012654517582247577
ck_1867b1199c864db5,0.10855547006010405
ck_8398adeaf41f9cae,0.010937487422213076
ck_796d3eaabc667c23,0.986612374723358
ck_b4d55bc809000276,0.008646135110655487
ck_839bf139296b5cea,0.15219676295583354
ck_e57b94fe57341058,0.009275889545680115
ck_8ca808cc5a49cb5c,0.01566335786992645
ck_f4ec334be5266378,0.0026795924345849715
ck_61c3e3e277629646,0.02109709553764137
ck_483fb981a1fb4317,0.005633510678033169
ck_71f382d5e338daa3,0.006504957011772612
ck_124a197be41687f5,0.015947993875744453
ck_4e4f99102f6938cf,0.0015659277213236776
ck_3add4d23124c9290,0.0035562482102256886
ck_5c3f13de0dbd5086,0.020840823902027756
ck_921ff5ceaf40a968,0.020550259406932645
ck_fb0c138c003e933a,0.0004404718913976501
ck_5177fc7137ff26ce,0.0026865066977517296
ck_dfd4e79aaa967b63,0.003827413208364612
ck_850ec97a5a0dab9a,0.01460213910647421
ck_d1a1cf4cf61d6801,0.015916170607666043
ck_646b15f753e5e9c6,0.04446562401949368
ck_60f4fb44f5efe3a0,0.002855198050854318
ck_b53084ffede19a8e,0.002626080106515346
ck_5b16d67c5ea89930,0.017560540917893653
ck_a4ddac49657a4450,0.01801730209667851
ck_f917c82af80e4a79,0.061327356606650014
ck_b87ef4b98cfcec4c,0.022786733237756786
ck_877c85bad118bc62,0.04798831153422348
ck_42317c3eabd0a285,0.4853026897796625
ck_a5bdd026fa9c50fd,0.013167630668673281
ck_7c88d3d377bb61bb,0.020185367967796013
ck_9acd98f4fe2d474e,0.048277151168411706
ck_6d64193681d2a94f,0.01040303210026934
ck_991b7dfd69098320,0.001635639956111938
ck_c5ece5ffb8800ad4,0.01769611766640012
ck_ffe91d6f0bd93fc6,0.015000237078635018
ck_14f9535e53f9c7a6,0.006316729131803278
ck_e35b2ed08b9e55a7,0.009312346768042813
ck_3ad6e7bf452c9b21,0.023557090525925514
ck_ad8cbe6e27e47ede,0.01601143195825559
ck_29fbabf855cabdff,0.002114851739373975
ck_700cb620f300dd47,0.005228098098586998
ck_b1cbd6679c0f8d95,0.008597627028060408
ck_708fea345f68037e,0.0010656233797255107
ck_b08247c3ad567d92,0.7432320674895594
ck_25fea39897f2a559,0.01113123061089497
ck_9eb80edfa43203de,0.003645046693055607
ck_6cbb011e0c70bc7c,0.005440592134429276
ck_309a432c160a17b3,0.00898988825278691
ck_e949a0f4df0b3902,0.8467029816831025
ck_4b123d6931b6d0d7,0.7784776814055154
ck_13677a1957078827,0.0014423615328465053
ck_243bd5ca8c4ae5d0,0.025330061301634708
ck_360237c1bd30f4bd,0.005853646628346154
ck_b17c239f160e6017,0.011625821788162344
ck_c91a628236baf91b,0.04699462957430888
ck_182dc4a2f5a366da,0.0018797339512796798
ck_9fba80f56f357fe1,0.0031888956225385344
ck_c1c5ea839c58958a,0.08591789192270927
ck_6a0684436a1e66c3,0.12774284202507727
ck_63d2978706e193d2,0.009003123322851284
ck_8703543bf3134306,0.013018366209787125
ck_d79bdf04d6f31cd5,0.0015089849855242348
ck_b0d33b5a3716661d,0.003320435970010661
ck_bce253d2396681a1,0.006514410658051756
ck_9be551300209fa83,0.04129815732136484
ck_ec3d12848ced99f2,0.0044802377652544455
ck_ad305286702b1958,0.000881140611383214
ck_96c7d52ba0a766ef,0.07616205728378721
ck_e1d5ad20c737c745,0.022527346152815354
ck_7429b3f87528e335,0.004049192781540383
ck_cf606fd6ebfdf9bc,0.002504937891252075
ck_878522cb775b904c,0.022179004200228846
ck_218b7e6e6dbd2da0,0.0019557152111905167
ck_1dc23dc870f1773d,0.020250871890486376
ck_fac046ce336fe39d,0.004868504113196579
ck_0d846660c7957a88,0.00577326644324161
ck_6821459b626d492c,0.0010338173620161437
ck_dc4db8b932df49de,0.07696368190850343
ck_c49832eabdac5bb7,0.0007190872531736461
ck_c3e37a4d3382c32e,0.0015679398791676935
ck_68b8b859a6ef505b,0.015535247576367988
ck_8d501a0386c66be8,0.14289293227652003
ck_86b853c52f20fef5,0.005121668328565376
ck_15886fe84866de92,0.03039686334430529
ck_92de019e05971ce3,0.004452181733511784
ck_af7ffd1a822460d3,0.07849042121015212
ck_917d82c552f95a23,0.018875698084823953
ck_74e5dec189761d14,0.002060465875051692
ck_54b374ade34e1dc1,0.0018299937051672395
ck_beb97e498e6cf8e8,0.025718664790080406
ck_a96aaef34173aee6,0.4296513910433086
ck_79ffcfee599d77c7,0.0208206946739596
ck_322ffda3332d08a2,0.07609180925151725
ck_3b1d7648d4580bef,0.011096546667736216
ck_6e4b99fb9725d9fa,0.020790880123353474
ck_893b8afbe11301e1,0.007326020875286052
ck_56b992c6f136fa5e,0.019509746544714508
ck_c624b9063400fa3a,0.08787725532290828
ck_bed3e3db135b782e,0.22854281935427057
ck_5d038ecb3c8748a3,0.0053281781181141194
ck_77fced07f6dff42b,0.015176254412178522
ck_05d81b1a150f31c5,0.0037942045153545804
ck_285719c77eadf915,0.0012614885306067075
ck_664b5e02759f985a,0.007542017802790971
ck_eb48c0bcd12ea654,0.011244520128687137
ck_1bcff399166d7c43,0.013583499297204028
ck_e9e3381d5e0e5051,0.0013244426309044419
ck_f5f87f772388efa0,0.02098336615987892
ck_80b072b7f3c7e8e5,0.00605798512921384
ck_386680372fb54857,0.0024289394304398285
ck_d98934f9fe0b02b3,0.003475364641543324
ck_283c5bea94b21e80,0.03042124845537146
ck_8dbaaa00ad829ca9,0.011672628003737256
ck_9782c86ba6485f88,0.00035006772791453623
ck_83a69c4a5d55ef19,0.021384698957162718
ck_4fa85cebf707de2c,0.0006124439913461448
ck_ce1500a7f0d03fba,0.0014829945064874781
ck_73d60b4630e3937a,0.00342173474557358
ck_279d43303708109b,0.009304905906139846
ck_64ff60c073fdb6db,0.01912000406512667
ck_d5c14e877ca7b755,0.0031234996802553413
ck_7e5401c362b2216a,0.001181069763333219
ck_064b2aa3f0bfdb6e,0.013967978896128568
ck_70066eea13b4c34f,0.006060285376721416
ck_f0d349d68249d5db,0.002042538859000922
ck_86bfe328e0a533b9,0.9649206646909237
ck_18f67c00ba21fbde,0.005484113327945864
ck_72fdfc7e6d8e1436,0.0016413340448479207
ck_75257ca7d7da2861,0.017859045768788568
ck_a0c3059a959ba5d1,0.03664133522953335
ck_52f641c9ee6fda70,0.0024441401244259015
ck_7c6b577174af7a78,0.007829940299069835
ck_52174855b243a8b0,0.03285033626208174
ck_c12805fa5d970a83,0.046051987612383674
ck_0406931800e0e2e6,0.007740803766260956
ck_4b97d19ed946f503,0.012647756228955863
ck_87dc484baaf5a23a,0.0020066213784114798
ck_539cb0d117db8cd3,0.08683369342337267
ck_09f8f51bfd2492c6,0.005565800283930532
ck_05c4dcbb45de1f8d,0.00411047017255559
ck_37139b41c5370523,0.040190675686042676
ck_ec094eb1cbb3efc5,0.0009062350625723485
ck_db32c95ce2b6f502,0.9816335381739266
ck_7a02ee1bfba7353b,0.013958095685414635
ck_571dee4f3336c7ce,0.011128768291516926
ck_c3c69aefe7ea1d2f,0.02480131984707485
ck_de05f97c3d40dd1b,0.04216179639517865
ck_823539d936c55fc6,0.0012356509034322667
ck_97e94708bcf43563,0.010937581392229922
ck_71c68dfd011dbbbe,0.8106490584733737
ck_f5791fd8fd8fd191,0.054924905201745006
ck_ec986285fff05b7d,0.002821833357032619
ck_da3526ab6c5c884a,0.005830972980572569
ck_f9197b070416f443,0.0029143044540410916
ck_4fc6256e0e60a926,0.003346677114066381
ck_9c0deab8a8367c5e,0.001379278636399933
ck_f34fb7ccf82f41e5,0.00512320374528089
ck_777669e2243204f2,0.6261953661088672
ck_d3a2a4c011fa2554,0.0007790867077438617
ck_ac84b33304362c06,0.0268233497551216
ck_16af4be191c47d3d,0.0010786935327359623
ck_0446920a1004c596,0.0014042374561708444
ck_0c6a50d747593b7b,0.1756214958550426
ck_193d9c87ad3f1dad,0.0011230202378712535
ck_5b8315726f6204e0,0.027463017333332455
ck_f7e53af3c91fec64,0.010273182447844174
ck_e679fbf4f4f4aa07,0.004936139926558438
ck_59a14d2564193101,0.0028996347565692585
ck_0e9ec486bff403c5,0.01169755174885112
ck_f6b7a10d47dd9a1f,0.009466174622889005
ck_4b4d99e443618904,0.02105204466248023
ck_4f05daf1cf0d5755,0.0028285257211035915
ck_64ac5e6fed86ab60,0.9952787679975773
ck_01ac687ce0d696a7,0.02085734928680314
ck_5f9a7ff990341bdd,0.0023463461866232087
ck_010d0c2e6c1657fd,0.02483338911580625
ck_4b2e87d86a5e415c,0.028355777603688515
ck_66f9f78d4c6a3edb,0.029314941636500346
ck_0b1d84252c0b46c2,0.0038519700070018363
ck_68b5542459638b56,0.21443119236991892
ck_62967b91504149f9,0.0037735050006654602
ck_f99bc1732ce5e999,0.02943380149763824
ck_c2017120b3b88a46,0.002239304711843318
ck_f7ff94c3df5ac874,0.02089280884645205
ck_25382331551d22a5,0.039043386262778444
ck_703b41624ae6a5b6,0.0058071077409052865
ck_e2c66c72cc0b0f78,0.03256972602449219
ck_28ac4c5134cb8e77,0.029316773864741248
ck_168c96a1a636ea15,0.012443802689275028
ck_39a81899dded61e4,0.005050418856139358
ck_94a096c36162a153,0.010672410135877669
ck_ee535461b5f05539,0.9184471127438346
ck_59c29d9c57b4f994,0.0170050960948634
ck_8982888dd6611143,0.0021425537819045643
ck_60896cdac2212bea,0.05943326718801817
ck_aa188e5c25f7f42a,0.015023640657599976
ck_1f56fe99f250cdf4,0.016878703005910274
ck_d0dc156441fcfdcb,0.022987148502569117
ck_395f3bd4aacd7ca6,0.010874108548903059
ck_5576b725de38d106,0.020450552962679232
ck_e2d1f212f259539b,0.007690087752442105
ck_3c3a1a1365741bba,0.002965712353524614
ck_4f325dd15c9bd45c,0.01931490200857017
ck_66f0945add423e9e,0.011418438751328254
ck_a74f6a3030f5d495,0.029699982221807638
ck_d9ea77f4114a389c,0.00962786925696292
ck_bf15a1f8d67a30d3,0.12688413571404802
ck_bb643194d1cbc47c,0.9926320340141326
ck_80e5ea27848069fe,0.0050347504567981125
ck_635646a661f05b4a,0.009330965700781822
ck_bd80546b4807dd59,0.013449392970561464
ck_63743141ffa11f45,0.010776742116467859
ck_0b8b7c5c581fd161,0.0012210145906191557
ck_79d62ef181bd0cd8,0.013871488057695463
ck_562c76a3753fc7da,0.35783856956323873
ck_d66bb1f063357f99,0.003065309640570819
ck_89d7bfc81c3df597,0.012665834616136441
ck_fb0cf32c4a56f740,0.011444119119072588
ck_6c679602a6476ab2,0.004802528468807342
ck_71b37fe47490b4ba,0.003121288192638484
ck_494ec63c5ce8e150,0.0060905098558863635
ck_92e474e4368c4791,0.005830255887885825
ck_2d3d6c9364362017,0.0005866650423269084
ck_354379de065a8ff8,0.0031671118401609857
ck_f7bde7265053364d,0.015304404062416538
ck_820219bb9c761b52,0.2134322056180555
ck_a5ce2ae36fb410d9,0.0008921535095106522
ck_ac55dc6cbcdf8228,0.08296548394368233
ck_f34c93a8173555b1,0.07285106223334151
ck_fb3b68b4424b5f92,0.02933416855374634
ck_d3f44bbe2f7e9b2d,0.0049704945465665964
ck_dd9c5f0c42878e67,0.0024572799624618807
ck_41bc3efa0fca700e,0.02375244985181805
ck_4d1baef193cfb900,0.02941161770901243
ck_aecdc5a96321a2d8,0.016411805038095716
ck_e7c8a9e4641eb9ed,0.0007861075249527065
ck_f2350bf355dc919e,0.005304144546004532
ck_bc61c59970f8de49,0.017624258535440314
ck_389607982eb6b701,0.8949634517901494
ck_ace6b72e5bf3e93b,0.20366327314846616
ck_2afdd69094c955c5,0.030351214783545567
ck_fc9f16df35190eb4,0.11626228664430831
ck_c43b4175fc9ac5bd,0.9592171098997037
ck_1a4e5ace078dd782,0.019227947555532126
ck_232325ef6bce92f1,0.005925620093978309
ck_51c50c4c443df31a,0.6811179773567703
ck_126a82e8d42e5ce6,0.0015721882302369454
ck_caa348f0e65db062,0.9870111890887552
ck_a6f61864fac3c8fb,0.014528238614654777
ck_694eb6c43193afd4,0.012566296871532831
ck_d7792b429620fc24,0.009125480167275579
ck_2208392a9f6bd249,0.01871335157221757
ck_8ff7a9b23a55fd62,0.014795903145090512
ck_8c5b29f6666d4874,0.016416073445946987
ck_fcf5b8216d0c18ef,0.0032152630853429054
ck_393287947b5c8d79,0.00969844844420075
ck_3e6833574edf1736,0.023997793828458618
ck_8b772caed8f1541c,0.0016595510679543663
ck_e914974cee1bccb1,0.020963783017108033
ck_4f1e962ff8a29732,0.0037709480817606595
ck_f6923088c17a04e2,0.0392228155744542
ck_10f90d879209734f,0.012975757485611712
ck_3d6c3c00d854f5a4,0.0954295386298943
ck_6e8f8ef7a03cc6bf,0.015498216060132082
ck_833688de8629c5c0,0.0013604027425204298
ck_20578ac693ea4e93,0.015647777904084798
ck_43aa136bdb0a2832,0.6369632827719667
ck_09cd5c4df1e81ac2,0.21875021804742237
ck_8f4b384955bf57c9,0.0069506229123181456
ck_94b90ab8b2dfb50f,0.04936049222559006
ck_ea618f720ff0b4b0,0.011895362673068451
ck_6c83aa1d100a7cd8,0.03467176642667863
ck_e7be077aa0b2632c,0.003667459945990328
ck_e10ff5c38bd18470,0.0170827309830769
ck_0593ae243a9ebee9,0.008425473210830259
ck_b20b81b88dabe28d,0.0015696146390414643
ck_2bb6a17e8eee35cc,0.03235102198281474
ck_8def763034187436,0.008031665597022756
ck_c1aebbeca6ab5ff9,0.00536034780535466
ck_ef307a6aee38d1fe,0.8935295917004753
ck_49dddb894d33f6db,0.02281160508797833
ck_0daec63bd5b0729d,0.009435149562696737
ck_c49b685d2b3ab89a,0.01518542617661697
ck_732d45bd578dc39d,0.010598369627486184
ck_74c3c3452e4e7cce,0.005967392905747182
ck_5986119e7d81e831,0.02638935635082579
ck_98d2f9a6ba3a3077,0.9808574615975241
ck_586001d3ed9e7fbc,0.0014696855579532891
ck_03be334935e999a2,0.0033900847694966272
ck_9a43c0c73a39d759,0.017629233827657492
ck_a1c7cf63467df4c2,0.003663074685880836
ck_ad48826c1c26eb78,0.9587172204346583
ck_985c9ca112000e9a,0.017226545005849837
ck_aa06ed358e43db69,0.04010291619304947
ck_d21612d48bb4f7b8,0.008323304934355139
ck_9a9e3dac79280d7f,0.037749607809694045
ck_8250eddc1ecb07a0,0.025708836549031607
ck_d6f27eacbad310f4,0.009965897733266445
ck_27d69ff4e0cb428c,0.04079005970985212
ck_5e5461dac83531ac,0.021210245797653605
ck_d1bb8890081e0a31,0.013063118871625768
ck_cef2a485a77e0723,0.0013691332813685836
ck_3e24b026bc66789b,0.0003579738691219745
ck_8105bcf69a75ee47,0.008384382295679378
ck_6494f0ef13ce44d9,0.008813253218379072
ck_a4a7ef3ad799c380,0.016717486242505786
ck_a48ec0c00ae20e82,0.02994229636622177
ck_4717f24f2c6f40e1,0.051049219962766686
ck_54748ae0f2daaf10,0.014877912176259861
ck_ebd0a45712dcf07a,0.006360062506759594
ck_998475a2e4dfad4e,0.005235791669426682
ck_99c0a41ac9c73857,0.004134639204305616
ck_ca24bb0de508efb0,0.006772947633282979
ck_f2b8995fe5402759,0.005381545322360375
ck_d37d56e931105db0,0.01234062377146035
ck_e66ae4fd586fedea,0.00292536669918034
ck_c1e7d1021ae58f00,0.0003903185203566746
ck_687ab5d5554bfa79,0.006258015464997424
ck_8f8e5e2b9dfec3d1,0.049590033728713095
ck_537cc97d0398c922,0.05840684086069547
ck_56b389627d8f02c5,0.9974843067539683
ck_48a6754977a44db0,0.002942058566546997
ck_074f20921189e7d6,0.003929205914472709
ck_f22aacaf86a65d7e,0.08381011648298184
ck_828eef2334e17b3a,0.01071783775360081
ck_dd8edfefa1eba531,0.0010757590580915842
ck_66cd34bc568d95e0,0.0730612092595288
ck_c95c786d2f8b8edc,0.00669497506440079
ck_bce5b7fecfb6264d,0.05736692830125747
ck_d32fbbfe32c00416,0.007515954400824293
ck_bab5759b07fe2bea,0.0014969577499019278
ck_c55afc68421d85e2,0.0094236304150882
ck_dca0b6ca93311ca2,0.018293161468275042
ck_e0571312f395cd94,0.013332663768278805
ck_fd038a7d33a9d6e5,0.0008932914570331327
ck_ce66831f6611014c,0.006124595370439815
ck_09fab6b9825001b2,0.019561133035058378
ck_80b50fad7f255e1d,0.006716002504609844
ck_2a97db9377d01e36,0.0034664940558604097
ck_9e5b7acf51b1b743,0.007514197707377152
ck_5468fa99c945d785,0.012662153817689824
ck_556786868599143b,0.009378884695234313
ck_a6d4f998dadc90c2,0.9170599512079484
ck_4d2159603045109e,0.008109382427743637
ck_a9ca2f447b984a6a,0.0072274228372363955
ck_cd553ba6589d8bfd,0.013842264841137519
ck_830b2c5d1818ac07,0.05499357927975593
ck_80eb91b0b4001084,0.03993084732999157
ck_730226c2d216cacc,0.003863893820998702
ck_f07e27d125497b66,0.013687365180906252
ck_b68199ecccf2350c,0.0013569594477114994
ck_15dd3ecaa8ce0245,0.9450763103099509
ck_6dac66c8198c07d8,0.013143329952244095
ck_6b817117d87063a8,0.006127502370188544
ck_589109a188adc2c1,0.0011304509228417074
ck_bb76609b79e0bc9f,0.005099171840507004
ck_f0cbd5383bb07778,0.029584649094169566
ck_02b9f418524f6650,0.010221732947812964
ck_4e9a6f06ab134102,0.022404825613051696
ck_7334a9ec656263b2,0.0029640422759731016
ck_f80af368cfc6cb7e,0.00952348963769244
ck_d74b2ead8aaa3f73,0.005308314108724604
ck_1dd69a11daa7bf1a,0.021772149833619765
ck_7509eb97c1948b16,0.018025011334285572
ck_a406bf11e48cf8c5,0.025981797139620285
ck_d1e3de178601d3c2,0.02540396366603696
ck_71044c29ef071570,0.004852034710622785
ck_a1c88c0568f142d0,0.1666498444750708
ck_dfc6f5712d8d6678,0.056317942530168474
ck_9c56114f84e9a541,0.02819201158906894
ck_d7c28eaa05bb7144,0.00797272824161218
ck_3a30132a57181fe3,0.01858017994710297
ck_48d0fc4f6a2109fa,0.9961023278327534
ck_c0389ebeb0e65cb8,0.0028900537889503496
ck_b4c014d5c0cc9eb2,0.005824871441822094
ck_a4258806a533efa9,0.011294536129206698
ck_363751deae40edfb,0.04075603635896532
ck_c1295d97cdf35ec2,0.007240609552770409
ck_648c03f9aa4e45f1,0.009556723821196676
ck_65ed7e72f24731e7,0.002300243509300995
ck_633e6579f5c74a5c,0.9854761795641787
ck_45cd5ef6b359e9b4,0.005383185977504089
ck_2e679af24adedac8,0.004146044793573986
ck_9e962f9bb0e7bac2,0.0038853220324463053
ck_bef3193f124fca5c,0.09181181689665058
ck_a907fa8795cd4baf,0.004489345944552727
ck_f280d31f54a4710a,0.04134568720914337
ck_8c582eb0f6c0148c,0.007703720043806114
ck_4807726e797fb893,0.007702509980805486
ck_b3263e7f31aab45f,0.02231760114454223
ck_3fb9813849e51837,0.012755258990876872
ck_eefcf0ed15897898,0.006089020245085443
ck_bc996c523944644b,0.008648133858487663
ck_74b848064f2ff45d,0.00480028365322518
ck_5f9e34c849704b95,0.0013599744149436436
ck_fc7a9d0643570053,0.0011644479271218774
ck_f437a53fc832ec95,0.7052696263795584
ck_56e6cfa32156a916,0.005104484750593316
ck_2e1b46c5fc56b863,0.031224263131800482
ck_1af2c0b3b8d202c1,0.00647646332137745
ck_27b07021500ee841,0.010084138182884936
ck_148cb0c723284dc0,0.005360345243182595
ck_70b9274473bd6dfe,0.0011328276754818505
ck_fca7cc9c42695453,0.0012658237591874147
ck_8d9518f64b222416,0.005689147884990221
ck_f1e1c8491f16f912,0.004958881596584207
ck_d36733da917115a6,0.02897187709309036
ck_a4691b57f837d88e,0.005382030539123818
ck_e738e920bbd74a7d,0.013400170595973414
ck_6d26a152f900fee8,0.008869066047604826
ck_630c835243c66b19,0.9959719637504507
ck_e88e86b19cada4aa,0.015608382959095226
ck_15918075563eb074,0.0015867502536284829
ck_9439bff87e616d4a,0.011901871788842831
ck_993beb188dd4abb6,0.013120080112337158
ck_dff090f03ca5529e,0.00512154155675407
ck_3baae40454c00938,0.007273701282987536
ck_6ab83f45bf16eaa6,0.0015896440734545422
ck_77fa39d3b733c226,0.2620439447769668
ck_daefe1e2d2bc362d,0.0016215537486729428
ck_f01e94331067edf6,0.004988696255035348
ck_773efe58c6278c3c,0.022675448980787168
ck_f7a7f8f5903617c5,0.009964195281918616
ck_fe037765aa465c58,0.028906152803143337
ck_29f3a1737a2d9634,0.01902654711192208
ck_7825494e654d5695,0.03485575353143767
ck_325c7643cce02da3,0.028226311148450794
ck_01e0689157fe9617,0.09759610895463765
ck_7bbe1dc8add17ef0,0.016319672609812815
ck_e0ca2c819658f6b6,0.9949076952931228
ck_2d14bcd2e0fc043d,0.009744568296399504
ck_fac32d76ed40f683,0.006917528894469059
ck_50df50af592b0c06,0.005342595524419211
ck_23981a3261674131,0.008017164340182905
ck_3a4811dc4a1a891d,0.0031561719932073555
ck_4874bdec79f9106c,0.035587712861830656
ck_fd84507228467b40,0.0832502304269826
ck_6a17384072f904c0,0.005158960490163524
ck_74991a9e85c3b07d,0.010977227511391501
ck_520ec32c4f253604,0.038093226072553873
ck_ed01be7504dc4187,0.041589758955081185
ck_c6fdb2972417c9bd,0.015560827982162772
ck_74a06f347b32347f,0.0051176658049309305
ck_1e7de58822000dea,0.00961024396656117
ck_cbe716f351d660d4,0.005438309722328992
ck_7560f1891d66f294,0.0004005081754025291
ck_45f4c821c70d134f,0.2380445554744779
ck_b1ff9edc51d42f97,0.004093031665735348
ck_114141d85256c9ff,0.0010305401887365292
ck_d0e95b90ba86da10,0.006579787825703758
ck_252b0a0f1119b220,0.0011982043592382698
ck_28dc0fdbaec00580,0.04344982108495918
ck_650020c500b1b50d,0.05138730747639669
ck_e77529651c416cf7,0.010392515476402419
ck_f0982bbdbd122f91,0.008294595304767073
ck_f439f16f8693883f,0.009342404520442826
ck_e30cb64302939f38,0.03780674469234631
ck_873ceb8004d3a9f7,0.03395939865332221
ck_db6d1c6d31da967a,0.002278395152485313
ck_8e7a32f7e3905f4e,0.015138342968620707
ck_2c91f62c05685ed7,0.013599727159673343
ck_7f79878197340435,0.01029671122297225
ck_23ff85f9d2355e8d,0.023353189513809238
ck_b138fc249e659e60,0.007019337722814512
ck_b911a09f328dfd4b,0.0017782276002648245
ck_a2858979dd5645ef,0.00384276649894047
ck_f1f2c3c623553f0d,0.0005425276214899898
ck_30f4b2ee8abe1342,0.028991963746352132
ck_6e8751b571ea54d1,0.02160525727457111
ck_e901dec0e09eccbb,0.0010453229722210662
ck_10495d3a635b8d69,0.015096448855499395
ck_4f5d7985bcc2eda4,0.0014204848951280588
ck_7df526b2b4410bb4,0.03222987476291485
ck_4e1757d1347ab387,0.9984270442959267
ck_79b8523137bb2603,0.03531582698849032
ck_891530b489ce402b,0.003691484600705671
ck_41b954c7a948c060,0.002653111506450552
ck_59a561f3df01441a,0.22767079780129867
ck_96e4d38ef670eaff,0.017154520291600382
ck_eef67f8dea702338,0.0531150434538431
ck_73e24f5a8da289b3,0.04015894668973057
ck_52cc2fd5095b169d,0.011520404728345883
ck_dbb498b1a346a402,0.0014476921189161775
ck_f253130dc3ca5b3c,0.003452279314346712
ck_942dbf632591b65d,0.05576593810466912
ck_ab4a8d02ec3c0fd7,0.0013214756825854085
ck_7f780f465c29398e,0.01615511106060499
ck_adf84b9df54c3d80,0.045775467278925716
ck_1b1df006b81d38ba,0.013707770507672284
ck_3be72c9c178fa00d,0.01060086887281656
ck_ee387f9da79e67ea,0.03356346465186388
ck_731869a0c39cb2fe,0.018999660549405228
ck_f2b0e7a47f442557,0.9705312951623687
ck_4bc42878fa180991,0.0252530952385403
ck_5f3609511443e5a8,0.0035782863951299604
ck_b354003302b272ca,0.004836346563542379
ck_1c771a7c78f6622c,0.020424970432262733
ck_466dc6274fecd708,0.00614816804946255
ck_89c74feeaffa7d09,0.0017142643422559977
ck_1ccdc69d0bb712b4,0.031617266621586676
ck_b22e3337b8e3dbb2,0.0055662191645607486
ck_79c7f0d29b1db1cd,0.06973758907544929
ck_84df6770549e43fa,0.004524605579348025
ck_3c6417a233c68c73,0.03793925560990493
ck_f7485cba392bc294,0.6315393689694491
ck_46bfb2cfc29a6d2e,0.00760367073295137
ck_e4cf189a8d31649a,0.005885039166237452
ck_770475876d0e7e6a,0.004170810453725474
ck_c2b61a98d1c8f6dd,0.7287298721260225
ck_8ae64df60ab6ccda,0.01495323966792929
ck_507e40760a24d2d5,0.03418668106523392
ck_a1e77090b1c6ccf4,0.006423892443987406
ck_09aadb4c41b166f1,0.06838147638284867
ck_604c17cb97dc89be,0.03626418029385977
ck_8d94fbb4828ef326,0.0016172935339390689
ck_17c0a6a92b5765cf,0.007075869758940045
ck_ac79c72a8fe3fdef,0.02356328880178546
ck_b8cc2df5192bc49b,0.021496192902196162
ck_3132857aec8485bc,0.0007850771025957831
ck_b6cb8d6ae828eed1,0.011137902355528813
ck_2f82ea66c4f53b33,0.05126204102685455
ck_1de43fd6c6c22a5f,0.04709262345669521
ck_0348cc6908f7f3af,0.00048362945217982176
ck_6e676daa4855b58f,0.03596101619496603
ck_2a37fef48b44e9c8,0.031110625304261407
ck_bfc2a57d8fd1610c,0.739261786193544
ck_c1c7d4e62c9fcded,0.03872712415259145
ck_36e72ef9273e7a95,0.003977309921199797
ck_ebd178b3f3a9c50c,0.01614354014841806
ck_c89b9ca398402f1e,0.002783733188711397
ck_bba413492dc46f2a,0.009798448060716627
ck_e971faae8a10a260,0.0009729426818123679
ck_7e6569a1b2455cb0,0.0008015372820377175
ck_744ffc11d32b96bc,0.006567378873765124
ck_435cb24538c6f77c,0.06465690421432944
ck_411219470d0a195c,0.02434083132149394
ck_6f730b77dc6cdb84,0.005697596570577234
ck_aa4ba931dd37481d,0.001911070038628774
ck_aa59702537557ff1,0.030982468321647777
ck_c58d9151834f5bad,0.009156977775745536
ck_3a0e0200cbb185cb,0.014749430015963424
ck_c98b16f9a72a6568,0.000685646661163486
ck_e5cdbfcca2456652,0.0008359040498157248
ck_ff45764ea7d6619f,0.013967145116402707
ck_6ec39903f765956d,0.03132140530532391
ck_9e17699baa83d173,0.0007799605034331596
ck_1fc98436281ee39e,0.002147473726850316
ck_76ebeb5aee42f041,0.016823745427418373
ck_562320295fa35875,0.005604705662826021
ck_84c402b23766e1f2,0.018488116667225822
ck_8d0532d24f1070d1,0.000635494392286044
ck_32a495128395fde5,0.011638516892629154
ck_f067470743d3c7a2,0.018975941229485375
ck_28dde633692904b0,0.06593414914250009
ck_e61c8721e3ef1921,0.006352252440645866
ck_4e333c09f0c37dee,0.016010403283296133
ck_3d58628d1c853c8a,0.0007870693662563948
ck_3265442528d51728,0.017314587234810212
ck_cb1c00c300af3f9e,0.18859222457800226
ck_7ae86b5a885affc3,0.08419189375409969
ck_a50370907e6b397c,0.03314417641464923
ck_df87d6f61a63eb21,0.010665552467604464
ck_85bf21aa1a00452f,0.001851880358454068
ck_b9f1465d803e57b2,0.049412946971625765
ck_91c2a5fe69b9b1d1,0.009254910860581387
ck_f3199fbe84a28b9a,0.026777803025020006
ck_ec3eb6dd0967cac5,0.03931256600223418
ck_5124a2e415384945,0.03311380873988731
ck_073509af21dd7f5f,0.9459267072233181
ck_617b65141f546a1c,0.0038849260530973507
ck_fa4b60387d744fc5,0.0019028252712826824
ck_98068c397d70dd3a,0.017965300361045232
ck_aed2681e1646a0df,0.03624546306144271
ck_e98429675b46272b,0.0054977700587564545
ck_b25657bd16739036,0.007164898980632076
ck_75217ee144b715f8,0.026242485567508897
ck_b359192aa659bdce,0.0159132572827258
ck_82181b935360dcbc,0.9919559627798371
ck_52c0ef68aa2fb8cf,0.0147807584769765
ck_06f042e9b1b662fd,0.02415492721994412
ck_c0b5cc3e8ad2ff44,0.03238402901519386
ck_368b968b5f33431e,0.0017285317303358599
ck_6e44024e9de301c6,0.0007789171347093531
ck_f5e02a3432571b20,0.04412884752560951
ck_bed0c020b10afa3b,0.011428524027351993
ck_7e63168dda612235,0.022790930896196306
ck_4c25570eb72711b8,0.0014042460499788343
ck_58955542edee1adc,0.00426825774906114
ck_06d0e4a9189302a9,0.031035061218110234
ck_f1b80b821a20186d,0.02291637175896346
ck_b5c93e6d34f8d366,0.002473361753993769
ck_69587a134d43a4ad,0.12071420467290227
ck_70a932ab39d86a24,0.0003416006516721569
ck_96100d5e8e051e91,0.0013400570866028308
ck_b26e4ae47c9107ed,0.7482391388234876
ck_492e4b89c61b7b6c,0.011217074260017477
ck_36d78ff3bc033ee5,0.0355974395390801
ck_9c9884b9bcaa552e,0.07089313712117692
ck_cfb11a0a2325bff5,0.006222195205643192
ck_598e036a28262aeb,0.05170070769003997
ck_8176616132458c0f,0.003303972351553673
ck_4becdd3d2696c7ba,0.011507511723592453
ck_7333cedb61506ead,0.005039765673474844
ck_a69ca7b9d70972bb,0.009948969941816429
ck_e032068be7b77d15,0.0339942162145817
ck_02ec4e06709e6b82,0.0021647413896614194
ck_13cd943777651aac,0.014771397851408475
ck_29640fc2fe81c251,0.8346571008816891
ck_00d1ebc31ec4653c,0.17646820116256726
ck_7c872c99481c1e9e,0.014206743389308663
ck_b1dba768dbe7affe,0.013821645724649825
ck_7c3a6a82f3c3241d,0.004366175382684226
ck_c924f36bc1bbbaa3,0.006605677467462316
ck_0a2b7078736b4dda,0.004372775829652169
ck_5b5dea6476d4e182,0.005403290873888237
ck_f271e855925e8d6b,0.08859797457554738
ck_97a8dac48dd62488,0.16044817822261023
ck_63133a79f23e2627,0.021959428098377153
ck_9b5ec0f78e160e65,0.002059364241695641
ck_7264486eb512d84a,0.006174890573737931
ck_a50621b5eeca84b4,0.0007175853787688933
ck_901d820e0b72abae,0.0028796498879414263
ck_9d1a5cf5a3b87e48,0.009880984740616336
ck_e291cc60920456d0,0.14166362775333896
ck_755010362a9b1bc4,0.004080236670917124
ck_8285bd3c90af94f6,0.022011735202054922
ck_a60388296a47062c,0.03238595413710592
ck_d3d5b2717cfc3913,0.047493614983368744
ck_18d214b1418be39d,0.00885384012066163
ck_6d64e1c07b19856e,0.002277092655077919
ck_0a993bc947bab61f,0.06512625517187784
ck_7501ebbf4e21f160,0.01771222004464312
ck_cba4162ef29a6d27,0.015182563977064044
ck_26bd0f8898afc8ba,0.0009723048414931858
ck_0a0cd7f4be606a93,0.051001409219023235
ck_f2c7a4c50e2ede96,0.014165017287715957
ck_50d0bb7edd8c69c0,0.022103792806713273
ck_5791f8f76a629a4f,0.03153075386737962
ck_0bf35dcf7b38f650,0.0006265723212577176
ck_646dc03de4c31803,0.9165406537508165
ck_d4007b5b26d9d854,0.0022600065296510085
ck_943f66f28dd24750,0.00045104104441876994
ck_984dd7452aee372d,0.07891306909014542
ck_ecaa6de0aca5e9a0,0.007179577394121883
ck_2225b555aa2a42ed,0.0181500485875314
ck_f11f7691af16ad07,0.0024983628981839266
ck_57849e15b61c43b4,0.003514376892550008
ck_e6b95ff91116a592,0.0065310865805318745
ck_184983177b73dea5,0.013616443182062598
ck_3bd12d468fdc2450,0.012655242793617889
ck_08c7bb0f9851cb76,0.07974928171833012
ck_779581adb573261f,0.023003627992294336
ck_02d4cef6358ad3b7,0.004947657463434437
ck_a60a61ac829252a0,0.013230055810451152
ck_942b95988a6245a6,0.039837338867119244
ck_6ea70950c1cae00b,0.8522616562095741
ck_f823407ace7ff064,0.13336841265258176
ck_7c418947124dee8f,0.05424672842735323
ck_bb0713a2a1d65982,0.019112144661190288
ck_a85182ad90b6f1e1,0.0008535287302146141
ck_e267999226b6321b,0.000492968700140605
ck_4ba8bec14c2217e1,0.01717388783366601
ck_174be2231c5fd2b6,0.0016118987844562789
ck_610815786d729d2f,0.012580367091306869
ck_e9b75ed7567a3f23,0.013739173519060158
ck_7c5529bcc079600b,0.0405912803986733
ck_5d16e257c0635f7e,0.6886963910916545
ck_c830f3830875b47a,0.011798161579794943
ck_2caf553b31831a50,0.002171025724857302
ck_90696b7182dd9129,0.006958135041802849
ck_38e4a74ab256e2eb,0.020148858025947874
ck_cdcf6671b37c9c92,0.006219208632245057
ck_f0c18cb9f951a71e,0.01701897193077872
ck_d61d97b21002f3e9,0.04175830434531536
ck_cd09375e6c81d2c4,0.01354119137220098
ck_a79a27767a02e31f,0.010917817320472825
ck_0943e0f305078e34,0.9971964351361029
ck_fe3b67041dad2dd1,0.0007752061313012861
ck_3420f2fd520890f3,0.009408907794958976
ck_3e91dcc209431984,0.04446736037924287
ck_e4d6dedd97233c07,0.025830000150371794
ck_19db0bf788697c2b,0.013397880162521024
ck_4221e07b17388fd3,0.04359661288087244
ck_5e8e857b63966609,0.06211292652677402
ck_c8806749e263f70b,0.0029783209000253325
ck_233a487d31c3e631,0.9939194809471003
ck_e2a2ce9b8cf44c63,0.02217051166583073
ck_e6c8611c0cf233d7,0.0016989082900348217
ck_4fecb87eaffd5cb5,0.004698842109213327
ck_f91d48c40337d375,0.005737106588539674
ck_79c30169c71b8033,0.9406439408765301
ck_b0ed11080076e381,0.005589526859272398
ck_bd2545c62f258231,0.026542927370357586
ck_d69de468b44143ca,0.010912013623388204
ck_55fc62a5f89a7251,0.012951686158770735
ck_c16ab1e4dafb4910,0.09748314573704073
ck_069d158665a53909,0.004604294145953558
ck_ee4ff3aeadf912c1,0.007244706590054462
ck_ecb1e15f0b185ceb,0.02275926336832016
ck_e76db7d2562f9836,0.021909128453309997
ck_d1d079913aa158bf,0.0034564101698072868
ck_2cb763a881aee27f,0.003878524426142159
ck_19becd44f2c3d2b5,0.004137534782442676
ck_5e20953547ba4135,0.05031421334555258
ck_f04761b4a937ac3b,0.009029684786722258
ck_7d0fe77dd5ddb656,0.05283420283133827
ck_78f01d78ea79642f,0.012681046345850627
ck_ad54292a0b2f44ef,0.009756510091658262
ck_66bed631354de5b7,0.0028051321055932656
ck_417090dbffb1a63c,0.017103033899429947
ck_d0935b571a4a3868,0.025125876447210805
ck_dd0e17605f970319,0.013606457535811654
ck_2dc31db181150e20,0.004254874446697665
ck_b568ba3837afb39a,0.0008962733617421145
ck_8de69cd219d3b87f,0.9583200181917699
ck_3d4913a86f207fee,0.02563344398318277
ck_ee949c71f4f702eb,0.9925641139925127
ck_01645ea51972e99a,0.02291916431055861
ck_a60c618b7f0e4252,0.004191001519033658
ck_3837ad850996ba60,0.010677646698062235
ck_a524071c51ddde20,0.018806320062340516
ck_0af57ebaa45877a1,0.0023947020516980545
ck_a7cf6c3b322f6b7a,0.002284976034126355
ck_ce0ec41f96951048,0.010794255890024026
ck_5c3a671883d58b3f,0.0008631053791475689
ck_7905fe8e257b0449,0.12270804583044741
ck_da6d1e5cf6aba6fd,0.004202015095272438
ck_6b67fe8e310ab865,0.1294437449829163
ck_cbaf8a954281d4e3,0.960721286992113
ck_ed26d906883bea0a,0.004290828802624423
ck_b621b6ffcc7f4848,0.0011553312809955852
ck_ef6f8e048ae1bd4b,0.007873946825699234
ck_2a09d142de1c77ff,0.006897234961661845
ck_c340644176ca03e7,0.011459432840307225
ck_bea2cf7a6b7bb900,0.005540190166720926
ck_1f136a4476b5e775,0.023901232524376877
ck_3759939a0205306d,0.011591930547356648
ck_ee13c091bc379188,0.008998480475914315
ck_d58e058b5c553dd5,0.008484131129025607
ck_396e9ea9a6c6d7d9,0.01431821293479625
ck_402db4184982fdf5,0.007593291613966606
ck_a037aff5f8128c73,0.003817395507074654
ck_8f6cce9f69912983,0.005621000510750172
ck_8758fc6622bbb7df,0.025417970549456347
ck_6ca018259f70858f,0.0019770888935037386
ck_63379e3c9fe6f711,0.025531629904561044
ck_5aadd286d188f5c3,0.013686346071560409
ck_e69d27e8965df0be,0.001451109562392704
ck_c67f7944896a0310,0.05828618277868435
ck_565e3418d2f4061c,0.007197454525815858
ck_58eb871e8d7bed52,0.02705122549262848
ck_d5f5b0dc97b9dc27,0.004420069297970024
ck_87abe9cd066a20fb,0.025571418818571796
ck_ff7e31ff8ba731e5,0.004870159869849187
ck_f73273e220296be8,0.015668804866281028
ck_73f4eb09af29b1c0,0.02054293581092943
ck_49dd816b31fba6b6,0.24828135363489442
ck_bdd2da300b530c5a,0.008175174040985148
ck_8a4952de8a123ef8,0.004672851685032914
ck_49170c4b31a20f5c,0.0015736309943789842
ck_2b7cadbc8b180d32,0.5659406986761173
ck_eb1006e7285184a6,0.01443254998420964
ck_646d8d0834782d6a,0.10262167831408943
ck_1b823610371a29c0,0.03367712740734153
ck_8dde670a735d1e90,0.059228871048942186
ck_37899b1b571b1c6b,0.01700468272915349
ck_82a8bdd2692c2a5e,0.002171515443007358
ck_5c67f27816ae0b6f,0.011430914748617302
ck_fb6e06ca88519dcd,0.006822341145916069
ck_f2c33d5b65b321db,0.021456247626942173
ck_ca1f6f01868e978f,0.005681011403018689
ck_22bfb9246646eb41,0.8343187266858823
ck_7cd9f39c50748ed0,0.011239392730895744
ck_62fd7eb46bee9210,0.016180115188030558
ck_c3c19d6a0720915c,0.001366176712906928
ck_7cd0634a6e60af83,0.06295044184920125
ck_2733fc6ba23ae46e,0.011736118663955854
ck_82f3f744209888ac,0.016027216377584447
ck_66eb09be007f0755,0.09828339266529247
ck_7f8e816ca51755e3,0.9903884075992421
ck_4185506d12cf9fa0,0.0017749052739115976
ck_2659d1d3762a2825,0.008979541159795172
ck_df4424f6dd85080d,0.03783882987295633
ck_5e9e149a3b69c726,0.15085165846525014
ck_8288f7f226e08b89,0.0057422399286711934
ck_a7285955e2852686,0.014842471272600839
ck_d099fca88691f66f,0.01995798886280871
ck_166bd1dcbaf4d6fa,0.0018008294640937058
ck_fa5830d81bc8ddc1,0.0020612883016948988
ck_18e2076397bcc211,0.14753844969091715
ck_f7285b92648c1c81,0.004327692174600697
ck_ff42557857ae3aeb,0.0004946678241141725
ck_7956c251b85f009e,0.8737679946655914
ck_c2d3ecd7278eba2c,0.0019182506661542564
ck_fa00aa0f3e859904,0.031990380456112445
ck_0063d2a9507467e5,0.0023845156909067743
ck_26e9a7bb2061a58e,0.3386626289118561
ck_d7607a213b800bfb,0.01143476976473874
ck_266ce7ccf41ccc50,0.01893873840334297
ck_8e16a64a776afa82,0.37269097425250536
ck_f7fc1bd0b9ab1fa4,0.013200602338033891
ck_a4fa8833995c716a,0.0031455794006041656
ck_ab640420858ab5c4,0.12259480517252722
ck_5923f53b77193a58,0.1284577728686417
ck_d1bbfd246c0ac9d5,0.028479154042559067
ck_e007aedbf37d6ec7,0.015209312721328123
ck_9645e7adc08631b5,0.016930110370656424
ck_57bbb19eecb4b87c,0.0026912930901617006
ck_96953b8945b7d403,0.015065532384813198
ck_1078b1e155b5b640,0.006289467484984077
ck_ee53ce862bc9c111,0.019061821130370676
ck_ba6e1115fceaa067,0.03619692150640097
ck_78181f8e998e442f,0.0034473211696852564
ck_016e8c8eaf9d511b,0.030613599740211214
ck_e2aa7be60794593d,0.14825762709644805
ck_ae8e5dc4b725bc25,0.026910565576623614
ck_fc7935f784a4f249,0.003793842572997891
ck_05d44eb1f5f085ce,0.02671546002890482
ck_49886ff1e2c759d6,0.05834378945599479
ck_d87ab3261322216a,0.002139614360083549
ck_0ac9848bd4ba0c14,0.002103851929522891
ck_d115ac6b9fd62a7e,0.0030414214793994306
ck_bdcf049c1e7d0c95,0.003623328111167166
ck_7743c9fe037d1f9e,0.017268753149277984
ck_37143d9cc296e6fa,0.12362690633295689
ck_2f138fce1171e277,0.008382329700393102
ck_61fa051192f3e810,0.006812023158420676
ck_417a3500b2c717b3,0.034610906743051485
ck_9473ea4a01c95f9a,0.08750366216366766
ck_de5eaa2cdbcb67ff,0.06023426855661912
ck_986e4e61440506d0,0.7427777933852423
ck_d3877e1f907cc148,0.04401144384487673
ck_2468a7e9e68a0927,0.008463324129370103
ck_c3ff6790cc6d7e34,0.0007758422949613325
ck_bd85f30c36f5998d,0.11282654661879755
ck_90bf017cdd37b66e,0.03894003956683488
ck_448456f96788713b,0.03991370718413071
ck_455672e652fe1abc,0.9539903325795559
ck_142dba210ed2f3b5,0.05830283811133635
ck_895bb39d24bc1c4c,0.00047569743850681503
ck_21ed2ea6386c5a07,0.0007418072938004864
ck_61c74163eb36556e,0.019624386980277384
ck_7e2ae8b69ebd5675,0.0036657146107268762
ck_9b71274ff83de482,0.9625962813156506
ck_748af92828c9d288,0.0006695874153979096
ck_6276ece8f80ea799,0.014666911379581557
ck_f4a6a7cadd6e0603,0.066355886294799
ck_33ad8d53394ba77a,0.7598799554018932
ck_f65e5ff7da565f91,0.004003320231663581
ck_49969a9abc47cb69,0.02080038742380357
ck_f1e0a006068aff29,0.00933874753152119
ck_72b86e4485da2d0f,0.9903999662830851
ck_0789ff4562202b20,0.01912579241896743
ck_bff090cb4ab76b9f,0.005825707203446477
ck_15de11438732bb05,0.019684599582289523
ck_9c9287cb28950eb6,0.013392753319317592
ck_d11d27de7bf0b973,0.382880529559015
ck_7f08078908599bd2,0.017450640093731148
ck_c1d1a625b885a975,0.014545956426197501
ck_2987eab34ca7805d,0.03402123116979403
ck_c2ed04a9d218410b,0.01996287114297425
ck_73d3e8c6077f61e6,0.058617194740742985
ck_9a15fdefc47e8d11,0.029310778036828657
ck_f738b633b8862d18,0.0009266424147389556
ck_56eed7041add49a1,0.2574707219345411
ck_3fe86b6331ff95e3,0.14040881386313112
ck_34a69b3b4a681796,0.14109879766524686
ck_97d04a67a104af39,0.042744137731717764
ck_833a65b86a5d9bda,0.0015411737441086487
ck_34dfb57e5bf31d2f,0.03427778008056387
ck_ba7e347251ea399b,0.02191623885372103
ck_31d4c0518e5f52c6,0.0012942289404222107
ck_6f04d047d1dde75e,0.001503175433380538
ck_82b5b79ce3517102,0.8560688505449884
ck_80dfa54b30f65fff,0.9422224751225017
ck_3d7b1078e2d57c69,0.0012684438424151517
ck_dae09c4e074af5dd,0.017608291622284347
ck_4ceb43ccd0a81c2f,0.007909121303528955
ck_0cff8153881875ba,0.00862723262207026
ck_439cf7d51ec7de0f,0.01627299206878945
ck_165a868bdef28ad3,0.035594622775682976
ck_3174419a81e7caf2,0.0013299655157475198
ck_0c3dd22587b08018,0.08133176111954957
ck_88774ae52e30e877,0.036990746559256896
ck_c24f61925dc158d5,0.051209752840589824
ck_c543d82e22b3c8a5,0.0016159488148330078
ck_c78c096ca8cb33ac,0.002518621704231525
ck_385188ab27784fe3,0.03897996458644731
ck_9947a323bab5cacd,0.07660394333407382
ck_86d7127391d4e01f,0.0010944818383140512
ck_a1484e6215fac651,0.8401142252884386
ck_d4fd0e438c97e0c7,0.033305080944724
ck_ac7fe1c344190c50,0.018368467090890746
ck_e7a6b925c8f39a85,0.01647194776405971
ck_38ee42f15a573e81,0.07827293255780546
ck_01fbafc42c8e33f5,0.010459242187040203
ck_d3137f0f7629040b,0.006683009444932326
ck_73a7794b659d7a34,0.0020486907207919293
ck_c86520a00e50a926,0.021301260024119237
ck_7f6fa79c7a107161,0.014841297863526157
ck_643abfbd7548d0c9,0.016951146426193452
ck_1b0434f096795328,0.0008594744530403413
ck_e527fbb9450a4581,0.9572896255449649
ck_35bee1fc12664644,0.11806787099986073
ck_9e21ea33018ce538,0.008482481556049783
ck_0b34197335ba3341,0.006293480092753343
ck_a432b1bf1d3b3d5e,0.09450944493669014
ck_35c93b2924900376,0.022698150669305167
ck_6430a8792f400e0a,0.0030368202197090066
ck_7ef666d67bc70223,0.014620530038494475
ck_a3acf4b986afa98b,0.43067579625743946
ck_5d1e25d7acc5af9a,0.006651364305432116
ck_d3885e286b3b11d2,0.017766198068346985
ck_e7f61b4a39ba98ac,0.0014822202073025426
ck_c9690baddfc4177e,0.0009083390687824613
ck_59fae092fb0c4aa3,0.013099219686200272
ck_11960b5f1c7a5e2c,0.005659531706827401
ck_4b9dd69946438d0b,0.0056995807226373025
ck_a2cc3910a641a808,0.8136174896842657
ck_018f780215ecaf38,0.005839494392131218
ck_baba5d66def0d770,0.0812457269540248
ck_cb1bd7635968ed8c,0.1043163011010247
ck_5a17c89219d1d9fe,0.005338441255026084
ck_3efb0e9bf25612c7,0.0031852144555783693
ck_66f94903177f20eb,0.027707685980567557
ck_295565fbf77ef885,0.001639872184691783
ck_0fb3153d37626b75,0.001247676641897453
ck_25fc3010e8a0f6d7,0.004556303513752051
ck_879cc3166fe1bada,0.0015275953168419293
ck_a5e036327d3d1862,0.004303029601495977
ck_1694c28f44480e98,0.02875355716218288
ck_c6cb651149dc9a8a,0.0013183783623312748
ck_c5b583490198672d,0.013360632213264702
ck_1b96d9af0d7da2d5,0.0033513381108772593
ck_0a8029e79a5ae7ce,0.04045405670619763
ck_c77e22834ef97005,0.7485697343721973
ck_d8ddf5e99f7859e4,0.026373683151425683
ck_91742711dfdffd56,0.014579197047731349
ck_95b894380ad2702a,0.03873451099636121
ck_277621473369614f,0.9987254391239124
ck_5cb9d7b2329d5ab6,0.07482855401443107
ck_67025c64588abd1e,0.0025677313722995664
ck_fef850553862aaca,0.0016177600857003136
ck_7929284327667791,0.08271860999382916
ck_319b059bb2145586,0.04595503912162152
ck_c190c7b924edba75,0.13969068595203818
ck_57b657aba4daffde,0.02140619080588566
ck_55d7217b0aff9fa2,0.01357486940021203
ck_1dade5592f90a15c,0.022455508160854423
ck_8f346b72fb40bf14,0.005368088006651981
ck_cfadd21458230ef7,0.0063797641426738124
ck_793048d11fb8b328,0.04973224012379815
ck_70b9b79ea1aacba8,0.017768095307082586
ck_c54c5d8e4433b0f2,0.005842641614690651
ck_50422466f145bfd7,0.0011903565562322229
ck_a3564236069e3524,0.4235623692707621
ck_ef059997563e3330,0.004959510309350231
ck_e14892e424180549,0.001088022435592079
ck_9f5f81d771146aa1,0.000615514577667644
ck_3a469039a5b9d963,0.00890714993093079
ck_63601a58a6120d8a,0.006604979342769259
ck_9323e6fc1e168eda,0.7944782471151943
ck_bed8a480e27e911e,0.020716750588956265
ck_ddd6625c5eddad70,0.00046112149806071153
ck_5d22e9ca1d15180b,0.7354396496237213
ck_cf36d8b070ded782,0.010170044434479053
ck_fd5609bd23a1eaf8,0.002605210062610729
ck_1982d571cd36eb0c,0.004138598765191536
ck_c021495606b4735e,0.004619011887965059
ck_1fc03ba33edd9e67,0.09894218216971422
ck_67e075c982add719,0.009969227360394718
ck_9040edd974ef8e3f,0.7237436280497763
ck_c3fe0c6c5e1f40f6,0.0042844193417623504
ck_767947540b234add,0.01868280349698093
ck_e8298ff2dc1e9d50,0.0024337733948632512
ck_becb6e1c608e0078,0.001466350294321171
ck_3ce7cad1f69b71d6,0.013884104016459169
ck_ed0e776c0926ce67,0.03597522750908332
ck_14f0484b3817eda5,0.004654882682611629
ck_e2a1068c2fa22525,0.024895510078845513
ck_eb224c0fd146253f,0.033053508577089656
ck_f92e04024bf13558,0.0007659410784644115
ck_a9161cf1ca22a6bf,0.027295535011222952
ck_1a46b56f4734d52e,0.0025761974338097634
ck_cd655202db489010,0.0026159270440551225
ck_a980b296c95153f9,0.01039266341563037
ck_beaacb4a783db21f,0.0025715096074223325
ck_03009b721568ee98,0.0036713299501391987
ck_37ad3a65db673e70,0.004862675622987619
ck_071ddaaf2e4e3671,0.006761060571063933
ck_019d5891103e7da3,0.007607725861115151
ck_1a065ea906ae3d6a,0.0036633671932951306
ck_6f2f0396e5b1c538,0.9943920046751802
ck_055fb9f2e1c8c934,0.054837013966451416
ck_6fd8c86ac719d7eb,0.0705481182771814
ck_920bb003b42e6310,0.002748425660473544
ck_8beae3d7328fa41a,0.016335675280140082
ck_910205d25388a0ae,0.00269367279625972
ck_007337aa99a4891e,0.0008430505631351263
ck_5df6529ce8290906,0.006568296452318736
ck_35f8656bf93e3b3d,0.012923722235641186
ck_0a2f8b2f8a5b6f02,0.0024175964063362374
ck_fab4f2f8531b4827,0.013039869415995954
ck_7c4e588f927c27c8,0.02059176051359625
ck_7cdec61e1c488798,0.03754237126435035
ck_19468fe07e26f992,0.9868700412870057
ck_d021fd497ea35fb2,0.014447125550634946
ck_1b52590757c0fbeb,0.07425940957952164
ck_074be35c951ae10a,0.017205426167732817
ck_38e46bc861e0165b,0.008891172400965994
ck_201687857ec8b3cc,0.03163246259672531
ck_bebea2cf3063fb24,0.0035386215944306623
ck_dfadff70a58a9133,0.0013831896993556697
ck_d0c9633fed57c344,0.007636789666762847
ck_3303fd3f64632c7c,0.05975018232701409
ck_9d4fed252718f58a,0.019475726817428974
ck_65ad9b15979e3247,0.01686105175243053
ck_93892e91387f5103,0.0033217192042723285
ck_6f81c199e986d9fc,0.006669383849311198
ck_bbe1a2ea5a403ad8,0.3602502130397346
ck_a89b66665714058f,0.003479890518742323
ck_0e9b982afc88a3a9,0.9985874529079848
ck_f14dce41036486a3,0.9981883389471007
ck_5d7ae0e3562e99bf,0.13219580274956944
ck_d263b55f0a681cce,0.018699591529973972
ck_a443d49c2b4863b0,0.007135119960476319
ck_2baf214ad6bc0dbf,0.0542461778631617
ck_3ef7a03ebb81cfe3,0.0009699368699878855
ck_95790440bc4bd2d0,0.0058136907211832085
ck_841f598bbd54c83f,0.017989478717774128
ck_a7bc323ffed2ea97,0.22923385424925105
ck_f5100511609b92c0,0.00024637870528251756
ck_2a07c7021b71cf65,0.025800869191185696
ck_44b9125526acb05d,0.01702126011428668
ck_c2b4a1d8c0b6c1cd,0.0005574296429434986
ck_29c11bd68858e923,0.0012848788966188633
ck_ace3b96c977a7560,0.4775460959236189
ck_e3d4b6f681c783ab,0.035847820282666615
ck_918c92182b6817cd,0.02748100685505305
ck_d66952b03591bdec,0.002904281684816514
ck_7a58e0cc9943c39a,0.0021882024830111985
ck_cdd2ebeec75bfa69,0.8751787778646302
ck_38703b7546d35a80,0.010229237763929144
ck_b60fb9a10d6f4489,0.04420849384204586
ck_bdf837d761a7cec2,0.16456497425314381
ck_4760216154c8cac2,0.6370683842980881
ck_b694c803b62862b3,0.0021799405185979493
ck_d7877684c7923ec3,0.0046239003854996255
ck_7384d4d2406aabf4,0.008258543076348372
ck_0c2932cc0d553694,0.012304854540796219
ck_bb41a66e3d90263b,0.13256771123641575
ck_5245cbc5ff4d4fa6,0.004049796052121584
ck_4df2fb8e4b649e27,0.0011842683090509164
ck_bc6f07b06aaa4ce3,0.7975796003748796
ck_25a1ea40b2d59254,0.0006793914001703087
ck_af65eb885a51048d,0.001007555744620641
ck_7a3f2961e9a8b6dc,0.01132079350246622
ck_a9f700eee5d638df,0.004086326671468379
ck_5e18870d8e30e379,0.030124668903460133
ck_e9047964952bee70,0.036098210952526806
ck_49c3bf13dc9471ce,0.014974770725538784
ck_4f63d5245b3ac1dd,0.0137812538444471
ck_291bffc7809f896a,0.0015153065081162055
ck_9b5e7fe28208f5d1,0.005079729793869036
ck_8f21f2690c32c691,0.061398819377750095
ck_729cc0b46cc2e546,0.31625420973971313
ck_ee4d9a7449515908,0.001837379103917168
ck_2c629c657f73941f,0.013865748232663198
ck_e4df7faacdfe8c40,0.03083787262422845
ck_ddc865af1dd5670e,0.03416104132943023
ck_e52cbcd9aafd26b2,0.005803041485195156
ck_0ac9114076f5bf3d,0.009128396397197312
ck_7661d7ceaeb19f97,0.01226703870688012
ck_028c41b195280980,0.009144842622540728
ck_dcc125b178b79566,0.0007329061864730618
ck_1f517e0ebf397b51,0.0013129403967804538
ck_2c80a592fb4cd6a3,0.0015560651430579708
ck_391639c0f13932f3,0.0005496278576906366
ck_c36ed9f8e6792ea4,0.026907737748846916
ck_3689fa41748a6f6b,0.045980572956775725
ck_555848d51f4b5f35,0.03297280646742951
ck_27e4de495abb4d15,0.003819959017190774
ck_054ed4288ee58d6e,0.02027633665729179
ck_1422a7bf7756294d,0.9602486341423662
ck_27acc9f320cda104,0.11255859965053065
ck_9c4886c5c90ddbdc,0.0025417296222309846
ck_5efbea1befdefe1b,0.11817613240816731
ck_2f9fa0d61829f815,0.012555959540925742
ck_798ba4b8aa544fea,0.002456057014157894
ck_54e581f71be5430d,0.0023922948097545946
ck_5b82c774df10d49b,0.00042066926553365505
ck_01d840cffb870615,0.14617284997605462
ck_3a8ce1cc724229b8,0.0011081481906433984
ck_8f43459991ea511f,0.0048555183901749155
ck_f878b68d66fbfd4b,0.0018943197547758243
ck_e84abfc0c747c9dd,0.9820681792563575
ck_083e4ac78685c3bb,0.011491522858803333
ck_fd242b18575e3063,0.025376106203642463
ck_b150fe4efb449b05,0.002370480504796508
ck_5e84bca0e362da20,0.012442108135520423
ck_95188150ff059c70,0.06423587298604426
ck_c20638a325ead2e4,0.0013525430273796746
ck_dfd3dbd0d97a642b,0.007819220350748474
ck_5fdf8a0bdbd3ed62,0.013908333867627048
ck_d6df562a79b9d0d9,0.006865058440545173
ck_28c53b214b2ee882,0.13116809096201154
ck_aa2b4c662ff213b6,0.020746680684899155
ck_5a6593d954085775,0.00270758715674469
ck_558cfe5f77a55a9d,0.005306775235663077
ck_c7ae1d4b3ab38185,0.006898906200060087
ck_0fd826fad7ec7cd6,0.053671821203452874
ck_ad6d48c20a3688a7,0.0035211234453544336
ck_123c15d93f1840f2,0.08683089738645991
ck_a75ece9a9044eed0,0.002508706541425326
ck_403da2a2d800df9f,0.08586018913829309
ck_7fd8b1470401695f,0.3193624179060747
ck_cfb06f07394dfe64,0.00022179668187744507
ck_aa01d5aafde73d0a,0.0011954389466321412
ck_dcf851e7bb5855d0,0.0007000411898980334
ck_2fa8f2577116e9ca,0.08257843214863014
ck_57deb202d4188a29,0.02322696515828821
ck_a95afc7a00303a26,0.05393078476610913
ck_1f871df76c6a995b,0.05727875212757076
ck_1a6b30320835e57e,0.009156300372034187
ck_73c5371635aca173,0.9012290437696342
ck_1a9235812de4b2c1,0.014345417781629002
ck_ec26e327cc1848b2,0.001715212297077425
ck_0742fe64055d686f,0.0017219498845130775
ck_076cbc25c8f15fc3,0.9397034246572665
ck_ada46085a78280e4,0.011427038976625146
ck_0aaaa9d2f75a0518,0.01106807394622163
ck_4ff6fc70bccfba96,0.8940663875538523
ck_a6fc92aa91e99b77,0.8971854134968595
ck_6031211ff118cf0f,0.0010171382046272354
ck_920a48ba8c583e96,0.004670239062284225
ck_098167eaf124c279,0.02311113655431255
ck_91a0ca45f429568d,0.017875680722399465
ck_e077d004cd1d80ae,0.01021092029976972
ck_20a7d1ce6cc27312,0.004156021499869531
ck_8d27ff8383d48132,0.0015470742680997933
ck_c47e32c47f0e6578,0.15334368320383274
ck_9d7151dbdf100e0e,0.017992623310069396
ck_5dd80b3c01457bd8,0.016400712420728825
ck_8594f165e95316d2,0.001949878425472363
ck_a58e900469dfc3f0,0.009649622636628287
ck_f5178a658225d8e4,0.000893952828206521
ck_f5dde68f6f0468e1,0.002155373996114917
ck_a8a2e296f9804bd7,0.015601011647565576
ck_463937167965a1f8,0.016310088952667064
ck_12a074db100481cf,0.04603644089939699
ck_88e3dd3039508332,0.038732155485741396
ck_9cdfaa1c30cc9d32,0.00133394290594413
ck_4e0e80f5cc271bf7,0.0010044918825537488
ck_af69bfcf4f07d932,0.02261140285407467
ck_5a4d19f1b83feeb8,0.0013769605217479645
ck_eaec5f1a83b66eb0,0.2944405572790066
ck_2c4be237a7ed79c7,0.0010902026330380937
ck_e16528edc694fb33,0.9678300247587669
ck_3c177f5970b68bd3,0.009359009404843906
ck_ad7c256ea10c4a00,0.09191930386102874
ck_012519bb095ad36b,0.9968881995426092
ck_0ed2739384f1d644,0.005984928092172413
ck_48446a9e8184c7d4,0.0011763128066150828
ck_31e1ede23247d56b,0.03562451670735593
ck_40052cac10562cde,0.010001691636168455
ck_3267fe3aac05c71e,0.006262817632933719
ck_c3db1b3ad4f16679,0.002432695354671152
ck_1b74b798eebeabdc,0.00459694109403078
ck_510e7c5df1f95d90,0.9975731436318964
ck_948517bad569b40f,0.026938904938612642
ck_b16a7c51b6f7a6b1,0.020542071464759632
ck_b53ea8713d32ca7c,0.021129465210020335
ck_11bf1039f8b3025b,0.005849745124567011
ck_4b088920f3a844c1,0.02343299917481451
ck_c2015a1200971fe9,0.007084192276939368
ck_f5a32e6160b28379,0.003012585780240318
ck_b0b5bf9254700402,0.003736714941797512
ck_eeca179341d56f8a,0.9100434915796891
ck_d94dfde9e03c9d1a,0.011374516159292965
ck_938ce30c864bc7df,0.0010796450934749849
ck_66d38518f68e6194,0.0004773473096215132
ck_115d86fabde77b65,0.0004164962660819617
ck_9e109edd124492a5,0.0017079243445205635
ck_f29471fe7c818d6a,0.004062853398414884
ck_a27bc31eecd9cb9a,0.005779141714068948
ck_ed4427962c68918c,0.8774428864795172
ck_7b55d9bb1a250d4f,0.048699604799175296
ck_461e3f7b97db8d16,0.01666823204559646
ck_2ee84f3fa27f2cb8,0.0024497450944553807
ck_bdee7c86f5ebe81f,0.020472084836845948
ck_719602def4d35fe0,0.024468351953623985
ck_87c26b2f41025109,0.9993677754286162
ck_c7baebe4549fdbb4,0.0573450024771015
ck_6f847263379f2e43,0.021528886688040143
ck_95391029a21caa24,0.031004908143699064
ck_97402a153348e68f,0.0010137512278203648
ck_f1acf73363925958,0.005601490791150797
ck_041614694b77e599,0.0045872139394299224
ck_a7b57882ab66b111,0.0021854778923696434
ck_71a0d645744302a3,0.008049153910977247
ck_bfc453eabb472f91,0.028332315571134376
ck_c33a762d98f9b290,0.001957270191127975
ck_9e75c6641939f4fc,0.03707686671207519
ck_d17653a4a2d4a79e,0.011090455275883288
ck_df20cc23b8fb8e22,0.019830068417665065
ck_62720b81617896cc,0.010262340447847356
ck_d6d2c1f6dfc455b6,0.20986804789565988
ck_a0b4209feb31f5c0,0.9991360804605555
ck_779cc0f2de4d5488,0.050813691126721953
ck_3152c7115257f084,0.017620300191805865
ck_a28d6b1601b472a6,0.015428031879309172
ck_761989aa4c47d746,0.010159292793861891
ck_97e3b04a1350f6e4,0.03932282654032653
ck_397d5fcc9972f909,0.026876022384986313
ck_bae8dae7cfd8baba,0.0008509487244617393
ck_04e32ee9834c088d,0.8554422708416972
ck_bba0ccc6cd968680,0.03268307674938296
ck_1b34c420a4c85a95,0.00900821864944997
ck_a1201284122c141f,0.059630660917733
ck_5ac335f02280271e,0.04384116762184155
ck_dd882323474431d4,0.06901495345518864
ck_f9604adde929beff,0.0026930870582526816
ck_44211dc210139ed3,0.009810222282697935
ck_e5e5dc431bed6f9d,0.01701213710047175
ck_17d3022ca12eacd7,0.009804589843076153
ck_209f574c8d92274e,0.006965157512235778
ck_9fcde1ff46cbbea5,0.0013524329595353537
ck_58fd684aa5a6f289,0.00041505226012683284
ck_e96a5e1f08f8a867,0.005390092521840341
ck_90456160115f9ef4,0.004868197733074102
ck_70a60e095e9b706f,0.0015325333926742865
ck_2d46291975f0dd08,0.0016152845688585141
ck_f2734417c0db4ee3,0.001329767138776303
ck_651e076ee43aea85,0.01920000679990883
ck_74d602c907ee9119,0.0019772531860375417
ck_4c99a6eadea143e2,0.06690338016713279
ck_8395f004cf4d4c08,0.0051993090655883985
ck_3938e92585df2b34,0.020030771972623342
ck_bc32655ee5ed643e,0.01476449848674773
ck_ced9163ea85589ea,0.7825075255418051
ck_9111e3a04b14dfba,0.014740036458731851
ck_791be3378dd7d64c,0.006965865157527908
ck_7cb0c9ded4d63027,0.060853528973899965
ck_0db62d5f7f75f80f,0.01184504497918586
ck_1723900ab9afe374,0.028138809211763337
ck_54459b45d2be8459,0.001053598180371399
ck_a0543e9b3abe1001,0.023712297284904756
ck_08dba09fd7dab896,0.031887373572116344
ck_b9eaf03453ac7d5f,0.007746604229354196
ck_298922703c5bbe05,0.027094924675372237
ck_e662b14b2bab23a2,0.1270730521051347
ck_4a691892d9d6cf89,0.0037473593826452337
ck_056d5f0301c30902,0.10550111296596838
ck_7cdce37d895eefb8,0.010279838963705068
ck_c0b8067c144ed6c1,0.01371335574137179
ck_856ea65fa27d06dd,0.017923269251270052
ck_55d0c7012d7ef236,0.02974169163405685
ck_9bedf54df9418e4a,0.0023622738543330473
ck_00f9ca84d1d8ae7a,0.0021010372329137565
ck_420d1a9c604293ce,0.010537639253236575
ck_9874ad160efddf50,0.014381679014285548
ck_f4f6f0caaab70040,0.0023731243061286453
ck_a26704b5b26258b7,0.016606598735982973
ck_edccb5a93b741744,0.005819279163163621
ck_a5f7b6fed6df2aba,0.035509085216104436
ck_ced6b6dcdc7c201a,0.010845859158160774
ck_77549c1a41f837c3,0.018526878052871412
ck_aa5f3ab48c17fed8,0.12923268494487758
ck_2a5a4c18c2c7274b,0.01619229658361155
ck_e05d44e46c7174e6,0.013476032200405778
ck_0084d8ab6b1044f3,0.0023993015236463792
ck_42633573639a3f02,0.9946407616937936
ck_0fc1086e1c9e04b6,0.019020798154362584
ck_0e6bebf8ae9b9b03,0.02113294323946844
ck_f158d9e5f101bb35,0.015587236745453918
ck_e107537a4cb738f4,0.005905726855988803
ck_ce1b06623e4a815e,0.0024541774353068055
ck_2f4f94827984c426,0.004050334104121497
ck_e8ea56e122a5a487,0.019233353111317908
ck_2d7394afd61643d0,0.0023443142302595255
ck_8dacf3a2061ca17d,0.01431945702332851
ck_315fb710a0e371e7,0.0007247142913427819
ck_cdd7c77823c2257f,0.0389114437336742
ck_e9287b6d909d731f,0.005190972455331498
ck_d12d2924d0f7a64a,0.0026022864444807353
ck_0dda35c0c64c7073,0.9960406291502457
ck_d1ed88ea4211ba4d,0.0029255201693568576
ck_2103399bdb2898a6,0.011691657444706334
ck_1a524b5cc8da71b3,0.021233375262001333
ck_58e5359efc52e0ad,0.0033120764029106785
ck_3caec7dd6f8d02c9,0.03982019302499266
ck_3eb73e56751c704d,0.018677895091566418
ck_37d47cf0f34574a2,0.0009331202562822876
ck_66d0c6d6b67a8d58,0.008341143054611698
ck_98149ed45d38c4d3,0.02713617892883566
ck_00480407160e0743,0.002535928690241429
ck_d1ea4bcc407c7d5e,0.011188086609546781
ck_ac2f7397801036ef,0.017562561630178414
ck_799aaf9f2b9ef621,0.01187876627625362
ck_93c4e05699b3b7d0,0.003375717469990984
ck_66accecabf3901c0,0.05060001173576675
ck_f0c4aac04076a6dc,0.018023637426069637
ck_e3cb5f31d8e94448,0.9949529524209806
ck_e541967c681cb929,0.01309231586637923
ck_8aec3d3dd51517c2,0.0011206856817564874
ck_23edb6d938a3b87b,0.0040048291901361695
ck_740e760fdcd27835,0.0015226474138956153
ck_fc40a16adfced018,0.0039989123782190284
ck_7f0cd6ea3096f985,0.0035519869573447226
ck_347386629d96c664,0.006424175270862311
ck_2366b29ed9887a5e,0.0008020043214647314
ck_187317383400491d,0.0013784441384169482
ck_dcbab304b55a42c7,0.015141757708442572
ck_ddcac1ab765ff61a,0.010353562813773877
ck_f39cfeb277ef6528,0.001118706781304227
ck_d69455220b21dc9b,0.0030499259614728234
ck_b4703ee97f94d7fb,0.0018179170316257166
ck_0e0bab173622db9b,0.13168873085672747
ck_d6fe761ed0db3270,0.03152259931606466
ck_590716322ff147ae,0.02590322163721796
ck_494954023f0eb309,0.02151215434397347
ck_95e444a01e2ab4a5,0.016426463820488492
ck_0f909705e2e60f2f,0.005890778857878527
ck_6d03a542922b2ae8,0.014324812569948912
ck_b0ef193195a2138b,0.0022660835416548637
ck_7b1660e942436e12,0.011027892982392252
ck_50ede3eb561a202c,0.0105715668909558
ck_4c4a939154446053,0.0011453941615104705
ck_504a45ee08db72b6,0.04573192441304468
ck_f143641bf3dd0414,0.030677640384499966
ck_b7bd3a7f263f4f29,0.032634407915940335
ck_bd23cf9bba1dd33f,0.0329521583831421
ck_e5f5cb7dd6ce4a37,0.009510224453416599
ck_1658429acd5306ba,0.008684216203221535
ck_db1fa53d588bf99e,0.014949319773895249
ck_edcfa9e1cf29d813,0.0293711677859868
ck_b7c37d410b1646c2,0.049569284113196395
ck_73cab88b29c7845d,0.030373331706390037
ck_f42a43e4c3f34ccd,0.0014150718212247314
ck_0d0a1a021efea5b6,0.028984175713287194
ck_f8f6a03613b6dda8,0.005686287499124531
ck_60557f077abc42ca,0.23941142512406083
ck_d75f25184ece2b51,0.004105065262320495
ck_bb1a981306b750ac,0.05685199512216093
ck_7e561caa5fa1f3f1,0.02349803523124881
ck_e424148c6f2223df,0.0013107461831974752
ck_4937cfa6526ea138,0.008628444627927561
ck_a72d6df666e1c21c,0.004415257486161876
ck_245f5d62ead5ef28,0.007057933382434464
ck_059806c52cebe4f1,0.06751518966195375
ck_547090bf35a3b243,0.009980510350543753
ck_19988702ccd79201,0.0061747017644634885
ck_90b4ac695b9c6bf7,0.002538845322045827
ck_66267bbad1f1415f,0.9996527560525249
ck_ff6a6d3547dd2d37,0.0038090235059082267
ck_03129b41457795d2,0.028507247595914855
ck_a892252e4e0c2828,0.01030856509298034
ck_b3905153b9eee924,0.011936361505971594
ck_e934f984bad2ff91,0.9838906179937281
ck_8d2afe17c0082e6a,0.026665172277969926
ck_ea9edf9c107d429f,0.008401437597007847
ck_61fff5fdaadd394b,0.013402713479538265
ck_3edaa94d28cd48ea,0.001467916397148837
ck_f66f06e24ff32671,0.05785767603056277
ck_7cf562578c7f158a,0.0009447800397363774
ck_66949171b387bb93,0.02939228898656119
ck_87d70f5fe48a6128,0.0389134127451675
ck_3ad3fd3cceb56b66,0.8608811107201693
ck_d229dfa0e4442628,0.00029630071894825644
ck_4732da7e0d2dfc7c,0.002527848198940335
ck_2209de229b4c71c5,0.013497783803406174
ck_4ed711fe4053e74d,0.02080995643272455
ck_c78b2638fadd91ab,0.07496778389950583
ck_8bb6b0a292754576,0.023722630381926704
ck_0b615ed566da1f58,0.021392452738478028
ck_d2b3ce1ebabe9f93,0.023296419558420694
ck_d3b2b250da61db19,0.9645757950469491
ck_4ffe0366df388604,0.004390009727876456
ck_d2d4a8f4a9f2c33f,0.0039408655709346685
ck_b378b8d8100ee4b1,0.013575354243745345
ck_20a17e8f206a14c8,0.01412333878457218
ck_9ed53de6ef779ae0,0.001787563325841412
ck_3f16e2cd7e6874cc,0.026185695964708187
ck_ef33c04f4c9e3758,0.03042919394519287
ck_8fd91a3c99e19097,0.1831942248427279
ck_0c6e7bd357e4a348,0.0015134769569368407
ck_95654593cdebd141,0.0013150716802397793
ck_9822f8ed05335741,0.00790271076877903
ck_11c7667920541587,0.030496429948041665
ck_ec3715add8bbb6e9,0.0008648866310442998
ck_f09f9d0e0886e0c6,0.011624191486406494
ck_12107dacc6d05bd1,0.0016800830264049303
ck_23a016cf6b98d89c,0.019209891645508518
ck_0e719b3a6906b8f1,0.00031096124406888674
ck_7137eeb394d200f1,0.05438497367956047
ck_8026e017909aaa6c,0.004276478113837243
ck_ce36b0c287bd198e,0.05438639674804179
ck_926b81c0ba528eee,0.013764381979972238
ck_6b93bd8abf87b1d6,0.9925286062533241
ck_73762038c7ff2f6f,0.001127359560688548
ck_abd10fbcbaf2b038,0.0044714035824570285
ck_7ebc5fa7f0d3b8f2,0.0113768925299665
ck_fe33eb743d714c03,0.007881757725361616
ck_17cc7b411f448e66,0.04924355908088399
ck_5debd55f361b2ddf,0.0013241579428067874
ck_350bf14e90b503f5,0.010390319750617756
ck_469c17407d17b706,0.018438349290544546
ck_004de16f7d8a42ae,0.01327153519588308
ck_27fd85b1e38b675a,0.0038470771086440386
ck_05f79ddd8eefaa56,0.007763231399995426
ck_3a57a13ce032a6fe,0.002024505161097229
ck_c965fd6bec0f0ecd,0.02712647281689757
ck_a721f0d635fad68a,0.006755440376856255
ck_c29489366c01fe65,0.9958123643166199
ck_781b8288e54ba8f8,0.1173499754856446
ck_c9eb4df91ff07f2c,0.03886136199434314
ck_8a5a57858e8c77f3,0.03090437551476369
ck_76d010aa02eb477a,0.0012431695102683993
ck_7a50abd42298133b,0.010037878105307959
ck_1d2b80ab6c4944b9,0.007941008679838888
ck_4e39e3b165edab58,0.4240113770427098
ck_e0ccfa0d689339be,0.004945537470493353
ck_89790ff26c844bc6,0.01794701757385198
ck_94e8142728e44380,0.034565949461563744
ck_e3a22799716df39d,0.002361191148551647
ck_5217b55593a332ca,0.05798438408519985
ck_c1c9d3842d758420,0.0706479028254087
ck_dd34f0a844fb115d,0.33325509048424473
ck_24cd0d779e866287,0.0012637950955963963
ck_59f46321ecf6d306,0.006274790420341764
ck_e7c212f16d6df272,0.005298076664139696
ck_c69ef0f3e7d6acf9,0.04912588277789826
ck_6c1dbee7e8fdd5c8,0.030265030635019327
ck_2ad0ecbacd5acf8e,0.9747559317905229
ck_d67d9dfb60b286b9,0.0023712906928248486
ck_b35d803568f82d9a,0.012506707900449368
ck_af39767cf583905b,0.0072560291304516866
ck_4450b55f462ae134,0.002955912438314218
ck_545b71eb4fa594b5,0.0017832686246822549
ck_c0422e638a9c6046,0.01757163846293645
ck_cd7dcc884e283746,0.021366166927174652
ck_d6ea026357ec6477,0.006011598770825096
ck_e30e17db5473c7b2,0.002233492069226204
ck_5567779d6ba184eb,0.011450727137962023
ck_fca2798914627dc8,0.0700462728969902
ck_fff9fdc2adf5100b,0.929889188748005
ck_0c45e54897ab34e2,0.024282857390193934
ck_507a6a580ab55c76,0.007090216573198632
ck_332ad134fb909869,0.004184765698064315
ck_ca60d61cd4dc3bea,0.002562458150843649
ck_59735f4ab2ad3da5,0.01746117138891399
ck_ab9ea095a5c58b4b,0.021875440130030465
ck_ca0cc8ea9f344408,0.007427065119393787
ck_8e139f8925ef7968,0.007032547658254928
ck_9dfb2ae78659240a,0.02142359494657705
ck_90f6f5ced708aa75,0.0007806009650882777
ck_4280c33af57eb4f4,0.0014565569299574905
ck_5ac86682385c86b8,0.005994096199499112
ck_1bfa8abdb22be8f0,0.05044957108965582
ck_65491367584c730c,0.016590703159928413
ck_3d7db96995745472,0.027856501906863947
ck_a1c39df50a5873b3,0.028156375651967564
ck_ff7c26a62bda8089,0.0010011200979499427
ck_09b0d8af304646bd,0.0005337772908644182
ck_3c25029e40aa8a84,0.0049334505252797995
ck_765aaf42c5088545,0.03903372767461075
ck_e0f845159b6e6a4a,0.011026297070436982
ck_272ae2179bbd8e58,0.009908261889933987
ck_c0ce85fb4109567d,0.0174560864174968
ck_515379973a8044b8,0.003167112692143722
ck_b5c3075c811a2216,0.016664660189375846
ck_713159c5c6a7a4d0,0.998587031695788
ck_5b3ba20c8bb1383b,0.01313928399784163
ck_67cdcdda3033842d,0.076262623385069
ck_647ac26c5900f082,0.0070866098895085335
ck_46d51648c1bf80e5,0.11500990374542173
ck_40b4e264d1a12b83,0.8907505868409409
ck_620d7ae27af83cea,0.019364305386370968
ck_b9e5b318ee4de68d,0.025904498227068966
ck_cd691e3466fb3742,0.008511837948528314
ck_7190177963eafdd9,0.008278805605342512
ck_362ce13eec1e33a0,0.0018781131013250849
ck_646e270e0195bf05,0.012171384723254805
ck_472e0be7a3b533bb,0.04726259106297753
ck_0dae4a7eb587f3ba,0.02670938335956767
ck_e6e7257377c37b28,0.057599495057237986
ck_b7f5d10b427346ad,0.003082823133696288
ck_3365a0ad1a8aa83c,0.004080331384886539
ck_7a43ef9c7b1c67b5,0.00037110700408387486
ck_7456df89f3792235,0.0013428297415887418
ck_5014a3b07e1f049f,0.9489763001739128
ck_9b12fb56529ebc4e,0.006444270163033696
ck_002eb6552b504ea1,0.004865783111488727
ck_170f4688e0acd875,0.16424651852077846
ck_ccc83cf66365357b,0.023173058014258424
ck_4719112b55d20161,0.026217758905986037
ck_a02aeec1914c158a,0.0069797830972793025
ck_ad4a4daa826ac68b,0.6579518026653912
ck_0d40961e47797027,0.004381833888244597
ck_114c32aad4b6183f,0.06490858764515879
ck_6ee939b7f396975f,0.009054347687879296
ck_202f0c14b07ace01,0.03813215872541233
ck_09fd43f1b7e2eca2,0.002521940155520203
ck_189b6fbe9b9192e7,0.005682269902511801
ck_1383b2b1875000f2,0.007321959231251246
ck_00bd7803f2530c68,0.019272149225927317
ck_4085cd3bf2661518,0.010392971770738684
ck_79323eb5d2e5efae,0.006569601259226277
ck_7d1661a34164406e,0.9572802646651573
ck_ec30b61cbf517db8,0.0017819581917949351
ck_ef346071f0b7654b,0.014152322825932815
ck_4c2f2eb657c2c60e,0.0038112910735424795
ck_832d39c590a3ca75,0.9612001945593872
ck_7cc5e0fa3ca5a713,0.005983891903863125
ck_08b4619490e751a8,0.986609428445855
ck_e0b3158111370118,0.01625952713116972
ck_2685f38930866af0,0.023913617828291808
ck_cd6fbd4e8724f994,0.02443566648532066
ck_33160c443d4b3f19,0.00938276862044025
ck_2a2c336a69b8d68d,0.014285161084925573
ck_805ee564bd35ef15,0.003992873279415284
ck_08a0355d1f1890ef,0.003781126489748573
ck_15fe2a47fa7e92ea,0.0025530436928157094
ck_85ca825f905a34a1,0.021343309068087037
ck_b6527a85fd682554,0.008816954803309749
ck_9dfaca4c7c80b10d,0.05220153110037997
ck_ffb4d892c5158201,0.0019147881159089033
ck_a544e766540861fc,0.020369092256183545
ck_354909fecf5da8cf,0.04210661196181992
ck_fc5ea49518e5d637,0.0010374546035054764
ck_7c12de74de30b788,0.34415012354372193
ck_7f9a748110d70005,0.005568679135067241
ck_732f725747393ec8,0.04853914972434457
ck_2452a30397dfc54c,0.01160218271361707
ck_08fb463e69f647c8,0.9727814534348566
ck_49df70f908dfd069,0.039528483416223816
ck_7af748a23775bd54,0.09377981058181327
ck_5010ffb1c94187b5,0.001356985415085552
ck_68250033717cd59e,0.001936772138060359
ck_83dde7da2bf647ac,0.000922337667149134
ck_8bbb625384edebd7,0.0009980212901504058
ck_5eaeb87bf6207406,0.9885281053988836
ck_0a7adc2f27f98510,0.026148859572093276
ck_c3719a30414bbb4d,0.006736836449743074
ck_580f136ced341298,0.003171891072750769
ck_70d69e5d1bb99e85,0.007525096917759218
ck_c3476080516db25d,0.01619505945125427
ck_d4e0b2a12fcfc35e,0.0017326740430336517
ck_2ca91214c357c072,0.09183237145445453
ck_c3ba7534cefc1de8,0.0037658961147607633
ck_e967ff05514b697b,0.07615176293184443
ck_2d3d7d64a6f443f8,0.018619346002520097
ck_9ccc030ba2de9fb2,0.01808768046889298
ck_387e5a7f163c7837,0.010898769098427888
ck_d51df5e9fbbbcc94,0.04230975504797749
ck_15254db133b28371,0.09776339599893039
ck_5ac959cbcc5e98f3,0.0006114069800775696
ck_619842688294dabc,0.06286117017697075
ck_179ed66cdfc1ce27,0.0009711226052584879
ck_3a70b4ee59084715,0.005054654008024287
ck_c1dd3feb9a0b6471,0.013832950769608342
ck_235ce9603c7dccbf,0.012827608471725255
ck_edf1096809e83ef8,0.0018266268881666963
ck_83c2c34add971d76,0.0010642053670455892
ck_0a4e191cd0a57ce1,0.002614628581323714
ck_472c81a144f4631b,0.001975641226018832
ck_81818169208a8cda,0.015824137914695145
ck_06aee5a62a67a84c,0.06967243611650037
ck_754cd7b4a5ae3f94,0.021895660152803365
ck_3428910b44b9d08f,0.05589498647688655
ck_a9d2bb4f2bde7052,0.007937450471605817
ck_6482ed4491bedcaf,0.010116457141485338
ck_966d4d713cbc7792,0.0016248373837819791
ck_1c8c969667cbaab2,0.8437112087611273
ck_94295287a04c85d2,0.4360455444238507
ck_466103ec5bd9444b,0.003942617695501914
ck_3c0031d7514da17b,0.005702041106289078
ck_9757163e25262b74,0.02354442857467859
ck_c8ad3f01319c065e,0.021348709138174802
ck_d35e3aa9ef5d405e,0.22356394013951106
ck_3397c7856b4669a5,0.0009162509186842095
ck_1745847cd4e5dc83,0.023955142289135423
ck_4b84357ae8ec7777,0.018642456148053013
ck_bd771efb4a7e15d0,0.010108350039082387
ck_764d40f865e710af,0.015983846356555968
ck_021c6a4a7e3f1f0e,0.00331659266396653
ck_123d75ffb75b606d,0.0027362166051003614
ck_b48cd8593533fc1d,0.7294782380818123
ck_c7b17f7b24bef5d7,0.024575828411509303
ck_b11e22e75d9b99de,0.0006220583025697563
ck_c7550723b90e5615,0.004194661713137694
ck_4dfd8947f540eb24,0.014235472083401486
ck_731943c682c9394e,0.026610692372833256
ck_7db098a17374bbf8,0.9868397091592798
ck_7f3132d6be389657,0.03279094441937566
ck_95458880a54df0b1,0.2252243698474937
ck_4c6ea04ce8ca9e2c,0.007050039952995772
ck_8777beb11aabd66d,0.023487441447855258
ck_60c3d8306527a08d,0.0020365687993437243
ck_cf8ecabbc61d3e11,0.006815603222739755
ck_5189a302cfa7cefd,0.00029597830810649205
ck_77f293d44b4a3d2e,0.014118864633054206
ck_bed50fc64fbbf8ec,0.008001962571915372
ck_929bcae878a3ecb3,0.8218641702805344
ck_f7c6c26ef3c4ae06,0.010897518917595722
ck_59a9e000fa275e1f,0.03182626325833306
ck_3ed9e081959b2f5c,0.0068894135426924245
ck_57f17254e2688637,0.03796822258366614
ck_52dec82e9cf6135a,0.001108568582910048
ck_d91ab840848a54fc,0.0003598148682531889
ck_c886adec7bac250a,0.014597772451005814
ck_63d4f5076fe4406e,0.02222135988471101
ck_ac0ea27e692acdc9,0.010684746740853015
ck_ba845332b730b596,0.0011420979477535205
ck_7e9a8924eab779e6,0.9499585162735473
ck_38abb60995114f8f,0.02732127815031038
ck_323b9cc5c49f8ea0,0.9399799467275025
ck_c530235393360e3b,0.010027554265984381
ck_1355db6f4010232a,0.012026620404089444
ck_1cec1ed1512a2d3d,0.0009425997324648598
ck_5c0fe988b8aa7fcb,0.1477917563532698
ck_79e202f06d8dfe42,0.05087179991649051
ck_e137400825a1e3e6,0.005692505172912324
ck_fefc49a2b8ad993e,0.013704197920266763
ck_7510b1023cd08531,0.009347747450642489
ck_b95fbf2b5640aa82,0.01055831424463863
ck_f4536ba8dd2d551d,0.008371812415673545
ck_9dde2c63acda3ba3,0.003980305756285078
ck_59472d17debedafc,0.005989186177574567
ck_b0fa8b84e94d8ae0,0.00878935908509055
ck_5b52ee0a13c71590,0.002577009914160328
ck_ad3c4be96599554a,0.010966839080297604
ck_458531c22ec2f9b3,0.005663382652521163
ck_b379c198d6db2d62,0.01865315286288124
ck_ed9c56fdb9f45ddc,0.2116460898544841
ck_b3ab3c210e2c7c19,0.01994411292879955
ck_98b34f2d704c1c2a,0.012046479367437857
ck_6def9d0429e4ed4b,0.020049845006434856
ck_ac68d707006c12a8,0.004118362514343149
ck_829cbf5ccda481ae,0.004769998944063095
ck_43ea894480567274,0.02090384658790155
ck_5e36042cfad96c99,0.67676735293031
ck_891eaedae139828e,0.0053515797561958355
ck_68ba25dc3385fea1,0.052708159738986814
ck_4a522ca2dc4831a0,0.0006260526864607962
ck_a152165caf295b51,0.012966490019531745
ck_31c54d540b128843,0.0015169035940429552
ck_cc447fcc24a0772b,0.26162791266657565
ck_8a16eb584093b12f,0.0016638989184734323
ck_259271c70f3fbcbe,0.03466692327899164
ck_bd86132499defcd0,0.022902789534743718
ck_7a4e3d553e8ab5b7,0.040701774038178914
ck_8ee08f6777cc155b,0.013881074505067929
ck_604c710141327a81,0.0033349931551229723
ck_3f1287e6c27de0dc,0.015816726622533566
ck_ae91b4cff57fb3bf,0.002511240522681058
ck_8d5fa65717d2e0c6,0.01798046277095823
ck_c0b744eb9e7d4eb7,0.005167193242025627
ck_90114c891239d821,0.0005984884043618731
ck_85de63d278f0fbae,0.0006780706749119313
ck_3d41faeb96802f68,0.0015891741117380234
ck_2cd21137a07fdd7d,0.008234949314907598
ck_168e7ea341a36b80,0.002645256612642279
ck_db23a0e3e54be60c,0.7941091174896415
ck_a958b2461ffc21a2,0.03614334597432666
ck_0b3c3bea0e0ed339,0.010201765850994866
ck_be5df076b8a86409,0.0021597567998389105
ck_2d1548f1ee405cc9,0.0087830748997482
ck_7176bbc97b1e42a1,0.002916577383673241
ck_ad9e2088a33c8c72,0.00022696956797125565
ck_324b9939d9c1c31e,0.0031175299207765053
ck_dfc8f5c141fd7c63,0.017048536441392467
ck_16fc77b2bcf5ec03,0.9871663235574365
ck_4f521611ae14ae66,0.0019735264799229176
ck_a7fcf7b592f68ca1,0.07404574752125831
ck_8311cb6755b2016c,0.0034872676577696543
ck_724085c3452d4693,0.1993754442642321
ck_a0db4ccca08030c3,0.8947441289762953
ck_de39c1947fb675ee,0.02744288108256666
ck_96a9221a87be93c3,0.021367326320196497
ck_98217aeafa0bfefd,0.012146180047240022
ck_f4a7ac178fd55f0e,0.0032013396231621418
ck_5d818522cbfe2a54,0.046036766026726995
ck_874eca6776b34dec,0.0013339375452927707
ck_7262b4e0c29c942d,0.007924510124617673
ck_20cd2f5666719baa,0.0012402645655741648
ck_d7ad9921a4d25926,0.030524081699461508
ck_d56ee1654378ffc7,0.009160322813772796
ck_2c7667f64edec2b5,0.021459504349052208
ck_78730527f8ba1438,0.15413310381675052
ck_794ba5921cef50c9,0.06741360632955236
ck_b8cdd6d6dccc4554,0.0016527577672859313
ck_12cbb211ebd2b437,0.020064942702408106
ck_85cb5033fca7c846,0.03728638578078216
ck_1e51199a075ca0fa,0.006618986173999496
ck_e0f3ea3373dfc4aa,0.013945591734724224
ck_40799e129fcf42c5,0.07429122234728827
ck_5d4ed73b9efd7d11,0.010345622679407111
ck_243b1b9fdd3f9a74,0.0013074460952822078
ck_9d64187c0800f84e,0.0297301370918176
ck_01eb24c18ad11fca,0.017596913246824487
ck_a0e46b67e986ab56,0.011703084492947387
ck_cff18e2d8c520272,0.001838800592750576
ck_6a27c44b691dbfac,0.004670317223417174
ck_e6ffd0754ac08661,0.0006541798514589776
ck_a7acd5b015823793,0.025787131926701037
ck_c3f360c2d0ea0a37,0.014508001884910344
ck_38da3bf629458682,0.0068261195885809785
ck_9a0b605e9c3220c4,0.050982934659233196
ck_e980d325b8dbb8dd,0.0010747015011363253
ck_75b69034000ca7bb,0.022550628459849696
ck_d451d24c780b5884,0.010491771386276948
ck_2e824b0b27494a17,0.0359043598018381
ck_23caafc2cd34242c,0.005855185303434521
ck_ffe2aa26f597e552,0.022031165787150718
ck_eed7f1f7548df15b,0.004534881907025726
ck_eeb75f8a6439f65e,0.023252582285640585
ck_2e481d75d110c06d,0.3576200600022141
ck_192579ecdca7ff83,0.009477765565226157
ck_869b1878d09d230d,0.16727322336450962
ck_323a71f9452d21cb,0.9708190488219876
ck_5e68ea2c5e893cf0,0.12745354942587672
ck_be52a7ec43241ba4,0.026696260381478768
ck_77b56c49cfdb1d81,0.13766153221522387
ck_15e0b679931f7a8d,0.014646747986523139
ck_93776b0c113f41f0,0.019551708336906448
ck_1f2760764afa45e8,0.00270897804237576
ck_3fa1a523d77cd619,0.013355200588119967
ck_0e13c4f73818149b,0.014491859680623161
ck_59be61b53d971611,0.008376410956217691
ck_87eb43e3b9d96169,0.03639761998470214
ck_9b7167da0920c37b,0.5154094271679917
ck_6cd8e0196365c474,0.0036179460008431085
ck_9951bd806c13c7fd,0.07277269672844593
ck_c6d2e11a368184e6,0.0029114946589047434
ck_c646cdead6fb79d0,0.006027247224959308
ck_abaf371ec8249c4a,0.028801368744273685
ck_ccb3767c239018c1,0.0064130881374313215
ck_e5d1462846154a75,0.01615272697961665
ck_939fede90473e412,0.00533251277951025
ck_bc89644ae3688995,0.012179702111690964
ck_71c917295020ccc7,0.0031463046839777416
ck_1d58f6caaa4d012c,0.00496209700762758
ck_609c249edd88c565,0.011770602926417375
ck_b1496c474c4a3239,0.0011181859974205312
ck_00a07fc2a9183c3a,0.0013263714286953694
ck_2122f201e65f76ee,0.006724317105409384
ck_a5051eafe8b51224,0.008534953590649541
ck_129e39ddfde92eeb,0.0009209954549698038
ck_102db9615e722c9e,0.030655741605799935
ck_b6a2bdb2d335e1d0,0.9961033104545866
ck_c4cca8278bdad9b9,0.001119061573727925
ck_212525e2828a6c45,0.007487817480100262
ck_84ad096a46e1a960,0.036302802357615384
ck_1294f7af22fade11,0.05955278636291396
ck_0d33977c3de8cfaf,0.998538666636755
ck_5c47b49c26cce286,0.05607392155906458
ck_f558fe02bb0219b8,0.006902683272837692
ck_c09c914e416edd08,0.0038678112132188814
ck_f8b3cdffef535330,0.022210934121426582
ck_46a8db16ad00b749,0.01629694939042226
ck_310f73940fc4cf4f,0.020635245584549586
ck_3d7fa32dfb9fc692,0.03585547433920627
ck_fe8e5a6c880ceb4e,0.004308568738037496
ck_7176d12b18f2cc0e,0.014016205287798681
ck_61d244b2cde483af,0.014218987450802623
ck_3865b7525b910893,0.017165840571706305
ck_efd7b9e22c6317d6,0.018858043708336398
ck_5e418a7c04437b4a,0.0072743819768291244
ck_2db3fb565e0211ee,0.000476203633366822
ck_1071d14c46c92379,0.9448975936850097
ck_1d7cd5dcbcdafd7b,0.6216538098372526
ck_dca9dc465f759db4,0.001584048088306727
ck_0d4dfd93086e7330,0.005967615478193214
ck_16077934338472bf,0.0010777387099522322
ck_5249b223000915ec,0.010275844868411673
ck_125c5a720ecb177a,0.07046090819684375
ck_62337eccb1672737,0.009807384087794382
ck_13376c59b5bd6943,0.0017878029563067389
ck_399e45e5fe9beaee,0.00200033924754742
ck_946afc2943298d26,0.0043127521277277585
ck_a6e8e8f535b1f1d1,0.031067082589163526
ck_7c0fdfbb447cdc04,0.00593930664707343
ck_ce0166addb93bbad,0.0005108971375267231
ck_7d28da4f1dab09ee,0.7140731967673327
ck_0508908697f60ce3,0.1082190758101808
ck_d96eb3cc55f2772f,0.010222672927604997
ck_b4384b6c11766ce7,0.0033800528506220747
ck_e5cdbe3aa12c97f6,0.004368331052625391
ck_9f3861940d8d873c,0.00808980342355855
ck_d74a62ab3804a81b,0.006135332577767467
ck_7cffb189f4f514ec,0.9953498081645011
ck_ec8738ec663cd2eb,0.033251826249862275
ck_715966f86d5c913d,0.001280333871699324
ck_6da9c5912e15d9a8,0.001974475063441147
ck_c081e1967dcd811f,0.03829544672127171
ck_f9f93d1d41be1468,0.8597201622937777
ck_583d6ca78c97d91e,0.46562483843193186
ck_533c4f7400d5ab22,0.13647365897822344
ck_80c0a7f54ff4895d,0.0048468692387083805
ck_a60d6b324bae0330,0.010560926954690767
ck_4eb1c12f7d092bac,0.0007232414089667684
ck_5a9d5f9901e37e31,0.021988777008714495
ck_5ee32bc6bb5d1d4c,0.18239817080925563
ck_4684fdd61c6a0fac,0.012085414666344423
ck_510bfbbee37ff436,0.012774888435565297
ck_a964e6b5d8415334,0.2329976831843538
ck_1b708e2a4a0584dd,0.010672730655578399
ck_2369689bd795ee10,0.011766387276550917
ck_e9dcf535f8c289eb,0.05880373975491472
ck_09748dfe4df3d540,0.002060814577774139
ck_2ce5afbc014763b8,0.009529465782992054
ck_132c16312f37810f,0.00193136020815124
ck_010264ae04f2e902,0.20973206319894203
ck_fec0ff92fd622253,0.01284624393472398
ck_6343e0d3b1c2962b,0.011677366863567002
ck_be51f4e5e6b85768,0.24238174085029132
ck_f2bdcfb4203ffdee,0.02481116160266504
ck_9720a472a3e0140c,0.003264680593208598
ck_9aafc33fba1474cb,0.002052055698671702
ck_5403c76fe68a08ba,0.5243858726460788
ck_6e606f73a1094afd,0.037868852368198716
ck_ca9d86f65cfdf018,0.005157437446464249
ck_b9f6040eebd1605f,0.029643132325739698
ck_b447badc9138987d,0.0013880935266181351
ck_7fc513033af061af,0.0752812077766599
ck_01c631b38e8a9535,0.002110827435151805
ck_30753ffe481a1b8c,0.3282389438541047
ck_9129c92c12e0c8b4,0.0022032880395226823
ck_c401a26725b17177,0.0005313638772841471
ck_117d78ccd5820f36,0.00480213952386182
ck_b5777605668bfca1,0.0008258170732276355
ck_0e5385c70c6de025,0.005087675432609339
ck_6a0f8f8fa4a3c2bc,0.009804376950019567
ck_1c65e8d5be3b9c60,0.2085387300112798
ck_432cc19c7eeaa46e,0.012588812441051759
ck_ec7406cb5cbc8f10,0.003595565015841535
ck_18eb1f9181f95df4,0.005477049784708408
ck_b837c7dac2a9b931,0.02836234059441201
ck_acb84dc2351eeb76,0.0016616304565592818
ck_812cb3a4482cc618,0.010829506312798073
ck_1436f6e11d4008f9,0.010296529947277294
ck_cb83b9f806e90dc6,0.0469228775520401
ck_60ac5e5f375daa38,0.01254920079887169
ck_a7e669cf1c3985aa,0.021201379660618025
ck_675c0ca1ebb1051c,0.0063914847490598075
ck_398f3f4cf05c721b,0.007844863708926965
ck_3364a1d9261b3638,0.0030761245615075
ck_8dbf61df902a6bbc,0.0016130903196410983
ck_25e551a0a8d2fcc2,0.02351416654332653
ck_7831ca5c31fb3859,0.026851379821278696
ck_7989376f8cf64a9d,0.03337290774905427
ck_0027ba644f9ae2cd,0.10712817421641103
ck_02a9104419a6dbaf,0.009067531658891017
ck_f97c477986043755,0.00409284282592992
ck_4b68b38c1b3326a3,0.004240240988152977
ck_190bc849e5ff5401,0.019030620647926162
ck_a0e96fed380440b2,0.012747494040368125
ck_bd25ea782e375b22,0.019809347971363096
ck_50ed8f4e7ae6710f,0.023448568593339363
ck_86a2d852a9715432,0.017360485684738323
ck_5954f45a2ab45f43,0.005657789337940119
ck_5fc65c24e0736d5d,0.9983542638454952
ck_51d842e6dae74c71,0.007458114661090684
ck_b05c4d33c4f43639,0.02876130402300114
ck_538fdbbb3c2bcbbb,0.08815491644444813
ck_735f244b99e3aa8d,0.022004549145345005
ck_5a4eb535c9a11993,0.16248733916278196
ck_706a4f673a9fda3b,0.5206430830299968
ck_b92b11d205af91eb,0.0008096806954226958
ck_84569a8fc50e73ac,0.009740313943647057
ck_a5ecbefa849ae569,0.007743358425521222
ck_40bc6de252865f32,0.00542104141466414
ck_4666232ddbf77756,0.0018156970437142345
ck_aa0b083e2a6813eb,0.029075439385267226
ck_634276b05f4381f8,0.01792797834377109
ck_fbff7b5da8111567,0.00469167882498469
ck_c00e70606904539a,0.0031629959974867365
ck_0e808afe2570ecac,0.011821110804756948
ck_b1495ee5c59a6b28,0.011020704905853027
ck_724e459b9ece38f4,0.034075284807657175
ck_3c08546dd0c92863,0.011456034195320269
ck_aa9b28e7fc43af79,0.8054160465178506
ck_f2f3cf9cd23b2809,0.019892581744825166
ck_19660cec756632ca,0.003956711094794324
ck_221b5d40358230f4,0.025024500214973676
ck_dcbe6814fc4ca0b4,0.03691672353280454
ck_5f0be7b468a72333,0.003678394517843937
ck_49685deb63e4e8f8,0.007049978380039218
ck_032880f1114dd51c,0.010724693739201931
ck_238e53b6dee8c301,0.0009424652337022289
ck_7c7ca54969eed187,0.024152167507158102
ck_a6c740041faf0bd5,0.0038948337028915513
ck_2455d43bbdd2bb69,0.04036214640236971
ck_6c54adce174f45f4,0.006107896568036273
ck_192bbfd0d5720134,0.006665941853107884
ck_85e5494ec20383ae,0.031536651128791955
ck_479a065d5903e9c3,0.0034318183032868007
ck_408efac1d3885ff8,0.04620764428963515
ck_f7e958a286ae3b57,0.0044561993513038975
ck_8dd44eead7d765a5,0.027024746163386234
ck_2c4d25acbe3fabd9,0.009190534681395334
ck_621c9ddde6bf2eca,0.03504898978150746
ck_2df4854186ec515b,0.027301085104645337
ck_a15fe7d0f4b65c33,0.8252817866638938
ck_73b729cb161487f2,0.004823218418016216
ck_053746067839696b,0.018725756990904393
ck_0576b00d728bdf19,0.01402373088917028
ck_daaa995f3c2f0e47,0.02067312916639769
ck_a777c813551281fe,0.005934530282893635
ck_c4de808ae69c771f,0.0005897647424973618
ck_1d3e561a7d20be0a,0.9752860781953819
ck_4cc11c7d3ca61f73,0.003696847435073458
ck_fd78f8a8663646d7,0.011602562971420568
ck_3b150afde386ecff,0.0113345425943395
ck_9fb11688dcfe1513,0.009100491779240953
ck_924e572517515f19,0.6518698748994743
ck_eda55c8fb47593d7,0.008360983192126805
ck_e066f71f8b296b7a,0.002609058997071589
ck_32430e678c4f9f53,0.01830824192224727
ck_7484c214c889fe7f,0.016926818649793163
ck_7bf668e25abeeb05,0.005205411223743861
ck_3925f8565abb7fe4,0.004181406584254137
ck_933789b55361d7c1,0.6038625684665117
ck_04212a9bb9b28696,0.9988001255764142
ck_f04938570a154de3,0.005495740147290488
ck_4ac918e884cff336,0.01790391634646475
ck_666b95e75d99ec4e,0.9880253240067893
ck_9b665ef46d785324,0.08702341404768635
ck_de056e37c82e8e00,0.04373994896310094
ck_618c4e5cfae99dcd,0.1263764906357366
ck_3b74512f774a6e5a,0.0040835889967447865
ck_1ad36046aaeb816c,0.006370823087759359
ck_2df5a9fc87553eb1,0.0033548396075570746
ck_b367449195e36499,0.017010622800258
ck_1242aa4496576a99,0.010676227494239002
ck_133d8a1ac7c0e301,0.9950128833998747
ck_b804e784cde9af8b,0.006366379700675852
ck_4b3506b624e5193c,0.038650759037189134
ck_475ea9aa6d3898b7,0.048993779409083546
ck_337b24a474010abb,0.9929932397229719
ck_749e0e50c3907be8,0.0011653908316081184
ck_d1157eade2ac3975,0.011514926888498629
ck_c2dccbc1b24b137b,0.7250006072098022
ck_af02e1817cfa40b5,0.10033582565921255
ck_e9a2495dea8675e2,0.013262027799329933
ck_1df4a1781a0f6999,0.018086331306432352
ck_f85155ca5c312c7b,0.1978974833542012
ck_ff090498c4b17ac3,0.008159047859448581
ck_17673a1c2867888a,0.0010675692744976963
ck_cfc2384f22954830,0.03162125268691592
ck_bd2cdd53fca26171,0.0226315721089859
ck_ec1c902b9b9b9c5f,0.10600108766653069
ck_317360ec0a67d27e,0.06699500756035986
ck_3e3ea5d8c4a229dc,0.026573653710244123
ck_546ad962d04b7de4,0.9879464682935133
ck_82f07504ab59ed33,0.10941590575959449
ck_382ebf136f7fa337,0.16478744303556772
ck_ed471e496916ee15,0.005401362172778678
ck_0ec820b670d48098,0.001410854318657616
ck_0b20bfc515ba42a2,0.014847600366200909
ck_42341cf31c08c981,0.002764729203690063
ck_42dcf92e9e016922,0.02708182948814788
ck_424c254249a109f0,0.01239740601434006
ck_ba576d6d4cb6130b,0.09773952434926349
ck_529fc3170fd11abd,0.027670984042727474
ck_be48f583f79427f7,0.020676030134663573
ck_94fff69584dd3b2a,0.013535519090421952
ck_6babe5b8674ff51f,0.02500613538561584
ck_7e826e233d6ea028,0.00898635957209474
ck_d55eb81a4d543c59,0.009736331676118225
ck_12e2b5ebfe8986b2,0.013649738492546235
ck_206f8e3cd72768f3,0.034432735730840415
ck_a2d7a563f520b7ea,0.00788065815879597
ck_47cad6c3def4c9e4,0.0021943839399275926
ck_46bc797b4d07d607,0.0011342294605907678
ck_bda299466bb2136e,0.007792581709581951
ck_77fce5f86f00b8f4,0.48999068086972347
ck_25822068c86c856f,0.0008306201521793473
ck_9191579254663f5d,0.0053352009208923615
ck_311d395fa9b8550a,0.0026800817636684115
ck_31e7742f160980ef,0.01747745518525497
ck_f3dcd818db92de7b,0.01615598984649423
ck_150a1108f936e6b0,0.002558601532287327
ck_4c37586080edb7fd,0.0009024659184052415
ck_6f8ae0319c07cafe,0.0017595450497000838
ck_fb2a35571ec719d4,0.6524397436539767
ck_e45012f22b7f91d5,0.0011559736715249951
ck_70e6bca473bf6902,0.005849704468734679
ck_e7501307c0698e5b,0.014875320574024358
ck_e08e9c8ec5f23d8b,0.022402391686485466
ck_72771757dfb7f7a8,0.022806310727207527
ck_fc418f53ce4aa579,0.9800905677641621
ck_c1ab40638f04cb02,0.008788110881181291
ck_f01be92dc78a2dc7,0.015483671004148006
ck_703703bda38fdcf8,0.008333703497319787
ck_a1c78972e4ee4082,0.014764849244573296
ck_255f0e5888ae9e23,0.01919175478043975
ck_3b66196ccf436c35,0.006926877061427518
ck_75fcda73f0b43557,0.016343986647052725
ck_d3e208671cf37f91,0.9193016763051763
ck_233397a8bd40d38d,0.004374751601402434
ck_01e7960c63dca3a4,0.8951307413880627
ck_d932f98bf6b83956,0.4623845399916077
ck_abbd1465fc730d78,0.004301412699316507
ck_7890208951df34f0,0.023669738835724864
ck_be5bd81e3715cb8f,0.972034760319217
ck_ead68310311690c8,0.9631604739351477
ck_c2bd5a722aa637d9,0.0045552228478405515
ck_197f8058cea1fbea,0.0005632434079425641
ck_ab33fb754c818ae3,0.028061336998703966
ck_95fdc264eac72fa0,0.00046089447686071595
ck_02adda6e91e49650,0.011769968506530604
ck_c54643d94d3ce355,0.025725544238172256
ck_9aa45c4e03c8c57a,0.007239613571384537
ck_427b91925952cb40,0.041156834502323
ck_c4ca1434f3778f1d,0.9991009346543881
ck_89a1a780144d808b,0.008903659459945455
ck_8bedacc6233c6269,0.015380504256923775
ck_f4f83b1403ebea46,0.07560501274264413
ck_a1fd0ad03ff9b776,0.023399650154037704
ck_c30201ebd003fdc7,0.009433745775644072
ck_9fe9bdce982b312c,0.01783612117679748
ck_09169f22194fd6aa,0.023665469858600113
ck_976fac1bb3dd8c58,0.020866463979981608
ck_bac5233623b25ca4,0.015288032445698575
ck_9f83fa5a2d3b9049,0.010923431886002352
ck_b2a79dd3df560f14,0.040394569228855565
ck_62b9fb3db284941b,0.006594029852111027
ck_aa075c418ed9fe5a,0.0070007947533713396
ck_c6abd5d57b1009d2,0.0023901430845882504
ck_0734fd90b2cabd43,0.011445766997322127
ck_bafe82c870356706,0.9943684712488483
ck_e35eb857c61548b2,0.9949113556738804
ck_22b587c18363899a,0.010269242183148402
ck_aa295a11b0a6ab36,0.007164922401388912
ck_d839798f9520363e,0.03474163603078019
ck_8049f5fce32be185,0.8818602066853626
ck_e2ab04136a442a98,0.010081288548873411
ck_c9d72140b0389216,0.026586709228802314
ck_f234ab47061ba7c0,0.00106261636336943
ck_31fc51d5a3dfe16a,0.009730858104952765
ck_f517f06551e69507,0.0014151174807731537
ck_392cf2cdd515c34d,0.005911109915536348
ck_366616a725afc6bd,0.023162288762838174
ck_e18ac29ea62cb435,0.025198831791572944
ck_170c65860e2a7e23,0.0025372667607540173
ck_093e3a7134e11d6b,0.0039583871694447844
ck_d111c98b36bdb791,0.004906275684680129
ck_1ebd574406235957,0.009341273696501489
ck_65519d0fb137e0c5,0.002262715129410832
ck_ddc3fc99eaba2064,0.030366406743677007
ck_1be8cb95d6d9bbf8,0.01647205077881746
ck_242521e261148fba,0.005478214555189221
ck_110608c3b03d4038,0.8766984257289352
ck_0dd7c5925d28755c,0.011702076297967767
ck_f11be8ce05382cec,0.012804207911517113
ck_129ffae92dc01408,0.0019024395702491525
ck_b0b9047dddb1ec84,0.8393759467515268
ck_b4954d16b9749829,0.013220410383969709
ck_66a8325f28be7562,0.019583814746907
ck_e1b1e7a7e4a15b3e,0.0015874554763719046
ck_658b4b54be09a4bc,0.9938234540576198
ck_77f8c5042065d506,0.004863369319442758
ck_b003e5b54df65db4,0.07456536354803253
ck_ce81ff9b8b35562f,0.0331468607167802
ck_d27b872648b71202,0.008809318929588745
ck_3acfec10eec32f9c,0.021033538241659246
ck_813e02e1ababd177,0.00623740590720429
ck_ad9a18f58589faa7,0.004461637308196647
ck_62f5cfe22c952694,0.019069062248586233
ck_a46c1773f01f0be7,0.012256797538752844
ck_405b20ef9ad0ba5f,0.08581472832376054
ck_f948e8a8fdd79b4e,0.0073780647371891285
ck_81275d9d4c559e6f,0.025618657462831082
ck_40e84e6ffe788a4c,0.0191731716140021
ck_17733f75ebdea93e,0.00870185677959112
ck_4a1f0172d3bf4fd3,0.008284115127742134
ck_01ef1036b2e66a4b,0.001725955091338833
ck_084a85145c15ed77,0.02239792031216373
ck_62f46226f244139f,0.023921761070442665
ck_43637d28c7216453,0.0015835251371249448
ck_fcdb4fe2f095fba1,0.017856259040759794
ck_9f85fea4490c00cf,0.0099135903094505
ck_83e5979334345622,0.007413578108537737
ck_231ae0329ebc3220,0.003841187235364565
ck_a49a2c1f881a3560,0.0023058015389989203
ck_88ab6d245228c38e,0.00020152594578336168
ck_b62276c3426d680c,0.004912603496241434
ck_def344d68f06d749,0.0292498839759774
ck_8b19bb5b23b6741c,0.009952920631055344
ck_c009c97d5fafbced,0.06725787011642007
ck_9e298cae167f4693,0.0030200389764609386
ck_84d62b8196da2452,0.03661239502137697
ck_6f73cdbf9305e2ea,0.009082408235082055
ck_4c1fdd1669c7cf51,0.0009081714700994847
ck_744eade757ba69b5,0.028283438828603995
ck_b0fe4b92fc70f72c,0.002930098328965495
ck_dd1c490050cd9051,0.01426334294254161
ck_17bf38d51115a8f3,0.0006590386551700412
ck_166aa980cc87fa77,0.05511946404042826
ck_f17ed7e0fd687742,0.05551522534006985
ck_26896c494b2768ef,0.009433443399781269
ck_88ef9f85948e1a01,0.0022516130467047832
ck_a28d9bb5590d458f,0.14517454750980682
ck_8b8b9de339d75d0b,0.0126599356064812
ck_6715139e240007d9,0.013276748181513654
ck_139b54e6ccbdd7da,0.05697429028711954
ck_66e81a4190c33510,0.011217912183589682
ck_4e862c2f48c38aeb,0.0010856097621300964
ck_1a3ff7620580a514,0.00776020030315342
ck_f33188c232a03526,0.0972118350419448
ck_348c874eaf0354f4,0.012922118409993511
ck_931510e384b1d0cb,0.008465290509178556
ck_e15252ebd7553422,0.0057559032556847274
ck_a3cce46d15cc20a2,0.03785745605860277
ck_0dc1e536231c4860,0.016516525902276362
ck_f92cd37022b0ce21,0.01830874513453152
ck_bb99071e8f58c8a4,0.9256779331711075
ck_06010f0df5b7cef8,0.014997699788422735
ck_ab7cb50407d6b13e,0.05684908259458008
ck_16a06d58d71935bc,0.0899312829799306
ck_68f56f6560a7a933,0.00101173120826359
ck_a019151ca8e7527a,0.023891268488348605
ck_d1b9e5d32d2d789f,0.004190146295259794
ck_615763afc2e17a7f,0.00026686870241408503
ck_5eff0208c74ec714,0.010606978116127678
ck_7eebd0e6ad6c070e,0.010827755076221142
ck_cd4c63155570d6ea,0.0008349772415385949
ck_c5414d7a8031d4f5,0.0013768164673042533
ck_9a88a5a989cb5bc6,0.040339429670748016
ck_541a734fc457246f,0.021771554609796025
ck_861af5a9a9a6d619,0.001857179371765612
ck_2cc1d9b587f6da31,0.05116846943606962
ck_7084ed3cf20781b7,0.03127425607614009
ck_e02f93f51cc8caf3,0.007510495429022517
ck_9a930faade55b8ea,0.0034090035480746806
ck_0afa4449f20d5196,0.0035418312692384107
ck_4d503c41cf4e5034,0.01431395942143101
ck_6ff0fc7487e737e7,0.15673771107669107
ck_b21d8630387cabce,0.003106552270207012
ck_bfd9bfc5b6ab4a54,0.04289178432256985
ck_629537d8b4d0f395,0.015163566074596171
ck_bfb067986660afe3,0.17681053048630213
ck_c1a31690c8573226,0.002458893694572397
ck_94c9a4d382689e82,0.05454625645720925
ck_397c03aa33a57310,0.16040326713584008
ck_4b4a3c5b95c55b43,0.0006000538327195418
ck_40780fc0f8d6f309,0.017926473272164373
ck_72022008a92c9386,0.02708130259603109
ck_0af18b3ce015d294,0.0027671137051398583
ck_a481385c2e60dc4a,0.005107834031269642
ck_e49b5e4f2f2e79db,0.2959660664247949
ck_cb88ef3dc1f42225,0.002842546422133699
ck_a4e2607b4c8021e8,0.0008279646537287535
ck_8aa8b9968233a1ab,0.002008030137504593
ck_cd32e58e8a1c0e85,0.013749060499536
ck_69b5620e00ef5dec,0.0018449599044535515
ck_0dbefdac0a1868fb,0.0010808399460016166
ck_fdda581aec411010,0.0009967556968879896
ck_35e411b05d22f663,0.029375009301948442
ck_11662cc7940ffc82,0.018984027044819118
ck_4db6d4fd2b49aa81,0.025468107488631504
ck_cd0e76f0e7bb38cc,0.021225080550777677
ck_cf52e46fa54e4540,0.0010204033185481076
ck_337b930fd149a696,0.011466055942400568
ck_86a61d9a39768e87,0.013812555144067661
ck_8424bf65223a5a9e,0.001787596499227489
ck_9625a64406ea16e3,0.0030328438405731657
ck_ed0cc1b1c28f9511,0.1951677952580545
ck_9158bdbb63ee8987,0.01509060859996129
ck_2f241b97c0f8389e,0.014502637849116049
ck_473d6314ea614b29,0.006867657810585769
ck_7443d6dca8cd1352,0.002606936301964749
ck_c6fbdc5ba68a8466,0.009510922579313423
ck_6cb7c97b72d6b5d3,0.011009688922443783
ck_b43f04431c267dea,0.0024056308576103714
ck_77b2fb17c29f5e72,0.02224645451614747
ck_b1c51fdafcd80122,0.014760870818706202
ck_819bf3e8231f4081,0.020501530717333048
ck_1dedcb48ac381a1c,0.3200615916868497
ck_888651bfc2c8cf70,0.004097301968432556
ck_af0a6540ea7a36b2,0.015524599494460195
ck_97e980463aca4644,0.0022045859711035997
ck_6faf3e6820398866,0.015466990538234039
ck_d0982b4e0e118e4d,0.004245453572460308
ck_3f5e8f3f1df0c8c7,0.018651429761530877
ck_5d8481e2b38bd99d,0.035086750353479815
ck_569b83668d74042d,0.9729901216444303
ck_f8b6069d7577fde6,0.0019717655337659953
ck_837cc7fd48453a01,0.00850151700981052
ck_2973b8274f0bf69b,0.018011640618676564
ck_69bd0b1abea7e1f0,0.20493086812519606
ck_fa0b234481cb57d3,0.056065931887098346
ck_cbeca201dbade3e5,0.023272735555569725
ck_05a00b1dd5a03359,0.008256755057297574
ck_77c0fb524edb4a94,0.0074407727264671425
ck_e64f0df63e1be595,0.029504571186215838
ck_5c7ad6e731b69333,0.5806522544291061
ck_b657ae3c146cb7bd,0.003700654923236131
ck_7dbe24ba01316775,0.02725879434842261
ck_0e3f80c1553c591b,0.009244009981522543
ck_3edc45db58760d76,0.0038874852782774445
ck_24ff97ad90bdd69a,0.040800985766325876
ck_263f6c5ff26b5e98,0.001140503635646413
ck_437afe412ea4259c,0.04260299530616165
ck_ae8c9163cf957d7e,0.0038943568728608737
ck_3f8571d4f7420b2a,0.037908858245833364
ck_e6465c56b337e6c2,0.013803724559589833
ck_7dff6abe4bd644dd,0.2647794050728998
ck_27fa694569140345,0.000732083013953073
ck_cdc55623cb16e6a9,0.0011540599205599718
ck_b08b3f089138c901,0.013835598407650819
ck_79da63fc100830b5,0.023646675743269077
ck_4339f86c87289222,0.8188278552915831
ck_38ea56d43afa5660,0.018937720984241256
ck_33ecaa7b892e73df,0.024508873231918884
ck_dba767885bd6ad69,0.006772921671818623
ck_b109ec4c63503030,0.007038917192738726
ck_a7f522382509cef1,0.0020946985360563645
ck_d9143e236eef177f,0.022992160059267373
ck_f790d91e5ff0eccd,0.16964701550002975
ck_064013b0957d87a5,0.9885132222314736
ck_643f549b4ac78a26,0.2428011852887752
ck_a07e7409d6d5aa06,0.018438486531957475
ck_c37f03995f0f0169,0.0009944211106180847
ck_8929d2eb09872052,0.23913780967531253
ck_27f20337bef5ffe0,0.02495063353957685
ck_7c67b73196e3d0d9,0.010086554568724263
ck_e30db36e376606f7,0.11505875638952236
ck_99b4f266b61ae7ee,0.017693133649254063
ck_4072b59388976896,0.007934466967712044
ck_21c99e1d6b881894,0.0010597482779580822
ck_ab2aed614ec1cdf8,0.028768529807673894
ck_a8cac8d480306839,0.001804486432009435
ck_36d37be780c1291c,0.0014635042202635646
ck_7b3cc6cc3f250f39,0.026673071194205863
ck_b6673bbe61d2680d,0.02892389085991769
ck_c251898b5d51e3b0,0.003794540118000949
ck_69105f881da3c821,0.007760826333293528
ck_adfb8472d5c3d669,0.014993997078763224
ck_4a24ad61d017e1ba,0.021149787700798818
ck_15ccbf8ff7d14086,0.010665595323237843
ck_c4bcc7cefd40f8e2,0.0019445501118086858
ck_8d5eda29a2cffa3c,0.004329829894178548
ck_df65967b8b40319c,0.0010150712505254342
ck_329f7de7279e74c5,0.010609674245654784
ck_d5b8e74e7ca6355a,0.014375339214270977
ck_faab769cce19879a,0.006490625430951626
ck_9b552204498b6762,0.01329540628900733
ck_c7dd84401e29a7fc,0.0012121925490691525
ck_14436a409ebcc90f,0.015653806897233516
ck_f09165d73ee903b1,0.009893433717700968
ck_3dd542c2d31be2c0,0.007311885965658489
ck_8afc1112c12f5402,0.008471386829932679
ck_4682fad271d47eb0,0.9765756945574897
ck_9bf0d28119fc42c8,0.02654367618772164
ck_4610a073bb54d1b1,0.0244765060041364
ck_f781539b1042dc83,0.0020682169835877194
ck_3199b471575aeb3a,0.004502168119840036
ck_51d3e8dd7465c015,0.0035703278645533216
ck_bcfb7ffb7cd428bd,0.0015077685686551243
ck_8563fed6674afc77,0.015242419172838528
ck_89c8b06aa8c84b2d,0.07080159235402085
ck_9a2fcccb82da663e,0.010476420483918749
ck_e7a3cfb9bf908e80,0.018124033570805446
ck_d99a8b4c820eb46b,0.006712717450444707
ck_ae2ab6be219219aa,0.0016054903336389821
ck_a0dab7aa9c4a39a9,0.005579851524130965
ck_604e1b8a8c693aa7,0.004491207011915258
ck_17c4296276448afe,0.003596906407777034
ck_9e9a830785112a73,0.013544709646235381
ck_2bb49dc2388cdc1e,0.001363670801655646
ck_bb303568b6915205,0.05623300836166197
ck_ab1bb02f6b189304,0.6225611125145457
ck_2675e7a008e584a7,0.056943856219121104
ck_9880410fcd10a28e,0.0015986596214331045
ck_e73caa3771ec5e0f,0.006780970707160594
ck_74928f5f91aa12b2,0.06593008816191533
ck_eaebaf4d28400fb8,0.025001779757857143
ck_ec5ea81cf813597c,0.018020011678580194
ck_423ff4ede6a9f066,0.012047145630732952
ck_205c107cec528414,0.6972434013131475
ck_1df66f537496ca59,0.02500022446195818
ck_3646515079e6be55,0.015018004310440229
ck_b2c896beec146477,0.03151041527899525
ck_d80283209c963f11,0.0042543964340569455
ck_c4524993ec31dbe5,0.001979841865463427
ck_9f7807ed64cdb728,0.039286606886893866
ck_8550f229b5eb03ab,0.005194992853604507
ck_4199342d3aca74e8,0.022887224523665248
ck_3135c019696ee6af,0.992830404253751
ck_5d01200ba3341462,0.011850948581379596
ck_a54dc042ebb7c766,0.05205793076766119
ck_ca5b1057f8248f73,0.014277133857939949
ck_1f7ee7b23fc6f2f4,0.010181958231845365
ck_92d782bd9ce0d1e3,0.020073385205048328
ck_7b35d218ed0c5a60,0.029141320520011855
ck_eccfd552aa652d3c,0.013337900811761267
ck_9b6ee35e8cd0b11c,0.004994269217260993
ck_d838491d3d4f5ecf,0.0043541216891082105
ck_3a34c3ac83cf84b3,0.015916584115699017
ck_c08f622bcd6de6e7,0.011204553995190505
ck_2d634e3f24681c0f,0.040401785891120666
ck_956b5af6d7d86c65,0.9680617449096304
ck_9332bbc7125219a7,0.006255244937593858
ck_8007824431fa803b,0.0033887975529278106
ck_54b087bd873af8b8,0.0070966730182164045
ck_e70418b00cbbbac9,0.014339606073903284
ck_500948a8d4bd8e13,0.01562029513744438
ck_48e84b0cb0b90fa7,0.022992114338754865
ck_1917ef3e6e345549,0.06888225639297214
ck_5c33bb46c1a5945b,0.022084321000937778
ck_b51a58e7f032c9a8,0.025566469256756066
ck_188fdf2be7c92e9d,0.9993488571634698
ck_4a103f8254b366f7,0.008862296351481223
ck_4388abce33ecd01b,0.2354171744507106
ck_321e740066fb05c3,0.4952400628212512
ck_c93def7392f0aff5,0.09553112287032187
ck_8582490d6e365a63,0.024219551279481367
ck_bfa17a0b1760e616,0.0015161786218443626
ck_65a23ac8e44eb901,0.003308802722544796
ck_bcc9cbc9ed8b7c31,0.007951249488352272
ck_6426427efe3228af,0.02122185008789255
ck_eb264d1b180d4b4c,0.08382935055653308
ck_b7af9b2ee0eebbc6,0.008083854648923949
ck_79557434c129ba52,0.004654749499213684
ck_073da541ec3f9d3d,0.008532181853065859
ck_96dff7a09d45f116,0.22034076708418912
ck_8ec86e853ad52828,0.03192960467145182
ck_64f5fba6af67e024,0.010822347010730407
ck_e0fb11fc9dcb34e6,0.010324673147584328
ck_361f535599110201,0.007010580772918921
ck_34b0988a97d96902,0.00943203442156741
ck_337c5684510cf432,0.03690963942432097
ck_258d661e450ac870,0.030203245562727174
ck_6b55ec4e87a5e22c,0.8424835621485812
ck_638df9e8a22dfe0b,0.0019119467121618446
ck_e36c8da1bd359960,0.04684268167102475
ck_73188a826b5f499f,0.018677094693902628
ck_286bfd719836e9f3,0.11399220488652935
ck_a209a5f7d172125e,0.008354615012952786
ck_fd0483639811f62e,0.19821803968950544
ck_0d16d9349e4a9e08,0.014978242558916272
ck_fcf5d4a4748cdd53,0.006419986669817947
ck_61e1f7168cd9ff25,0.03043227123702467
ck_b7f4baa2cc82fe61,0.005351143918601733
ck_437f9ecd2016a1a8,0.0023949426311119463
ck_04219a7ea798db51,0.018543675902950838
ck_644b1c1149eea9e0,0.014016558538403395
ck_bfc82b3c1c9f2897,0.6912359460327008
ck_9cf44eb0237c2429,0.006411869917105556
ck_2106e509d77fdb4a,0.8878450902354122
ck_49a0efb5d4067b6f,0.12433088418686283
ck_82f360df1e9f4eb8,0.04424202774749891
ck_9986c7d781ac6b4e,0.04491225860110908
ck_c8413898f5f7cb7d,0.04797252608405506
ck_b3fb83f0d772a831,0.010001771046349951
ck_a2299b4f530be0d6,0.11834823937621711
ck_fce0b6855886a0b8,0.00709844431332847
ck_162513e73782929f,0.01385321340296657
ck_3e9e3bba8bd363af,0.001662781370679015
ck_88cd35378075c84f,0.0021418717594492587
ck_20541686a94fb71c,0.03222049043141712
ck_fa80da579ea9afc0,0.005130461042208551
ck_7916e53daab36745,0.0922964445222078
ck_121db7ba3be29ee8,0.02526915838512081
ck_01e5986ebb9a78f1,0.013144732439252068
ck_6c26c12071c91ff6,0.0050348674488929785
ck_0e6e05c3cc8c8242,0.00865524441162696
ck_7738eb085e5753d6,0.005704783574066159
ck_2bf10be403849c9a,0.006873383246607254
ck_3e6f35e4500d2f2a,0.0013680729905117472
ck_7a9f241d5f082567,0.0026929256934194743
ck_247589ff532f7aa8,0.006927457367041908
ck_d1c787c27d50af49,0.056400897492385055
ck_49c98bebd1338879,0.0013337642946729656
ck_9afc3bb849f3a64d,0.012516754388393411
ck_1d40e4fc541abe93,0.10017881457391996
ck_4fd9dc00e1913587,0.9962709946384957
ck_c19371047a2d011d,0.0014566542806028438
ck_7d9f73dc7c4f90c3,0.07685898471806063
ck_8c84fcde93a04334,0.6323316261946762
ck_e09c97520eb0533c,0.009295715995581445
ck_a1e13c0d58560340,0.0009330210244791074
ck_cacc2ca410cbe80b,0.017865134985841455
ck_dad5cf32ab9f243f,0.006801188136388635
ck_b2cb9e6610eca967,0.014376224990249514
ck_1da2f69023ca4c13,0.002152494381271644
ck_25122cc0e8b1a662,0.023774155244191908
ck_dfee9de05e3971cf,0.0031596662997267918
ck_ca54b32fca7e94cd,0.004559895923910524
ck_384ccecd342a24ad,0.0024104426649950686
ck_6abf8302ce052451,0.05164745690409581
ck_6ffa90143838a4a2,0.004625593812215301
ck_34f9951b0eca1965,0.016689630017108176
ck_9385f5a1eeebefcd,0.01589780109335636
ck_3df8da6f60a89a5b,0.018730006008121584
ck_08ff5bd467226a5f,0.000335513204366064
ck_6eceeafd56b42576,0.02596363370479155
ck_f744e208183971f8,0.001067230308512439
ck_7b45ed23304a854b,0.009551106474684467
ck_f88c79186a082beb,0.10610032424747007
ck_b78d785ca3ef773a,0.0046825211331035545
ck_67207e3eecc02d76,0.02026345760156725
ck_7aa8bc018c2b003b,0.0015990143759816344
ck_676fa5f6aae5475b,0.0038732953932303347
ck_73c18e03e3c7612e,0.0022413251594342533
ck_d91d9f8445b9769a,0.9845252605921726
ck_f6a4a7ed27fe76fc,0.02861782991712231
ck_8742114f4f0cb22c,0.06717637155036434
ck_5c82444b3b9160ae,0.015366114287418367
ck_2acb54ca20c3af6c,0.01806242988417608
ck_15b93103ccd38609,0.010717903455838918
ck_16541fc15683e21c,0.009109124397855667
ck_039e6d5a330cea1a,0.03641066311003532
ck_d8116c34302021d7,0.0023348147536799576
ck_e03a9d8ac94161d5,0.0012200495149802914
ck_eeb854318b3a6f0a,0.007735244564439355
ck_e9f228845bf6e28b,0.04479572426191937
ck_203c2a22c0c165ac,0.011807525570711628
ck_5b59e859bed5b40e,0.056646764533378996
ck_7b61717f172f9317,0.8157610786211501
ck_114722e12db90a73,0.002043514055406163
ck_ccc7916b56d42195,0.013041527845147338
ck_2dd147ce6d61749f,0.036022727495772726
ck_9ede51c8434cff6e,0.039605186143807695
ck_88a8b1d442ca3686,0.015132100763571953
ck_36d2be9012f7909e,0.03823762326729806
ck_495d814d6d6d521e,0.0009320570843293278
ck_6f5bb0c930644cae,0.9981786112261029
ck_79749eca42ff1f5f,0.013331352171899428
ck_cebb8aa8c8f62c60,0.0012299040784137395
ck_349cc5edda1b8853,0.01498991136997216
ck_85df7b7de9700aba,0.0017886966158305619
ck_e0983999ca26c19e,0.07190106766208462
ck_d879d645d6e44207,0.008509522747864843
ck_a6c02ae50932cd9d,0.0017273496310236667
ck_50176dae5b1b716d,0.0043193558391273245
ck_d6880578428b965e,0.1055729380270868
ck_f51fe59cd445d2cb,0.014675285306725194
ck_8440ef1386c07194,0.0021131834869581884
ck_28cb9b03e89263f1,0.0005846344984592613
ck_5ccc1a1c78cb33ee,0.023433944561605757
ck_e04166b0ce66393a,0.0025289162406562996
ck_72ff52c4824072ce,0.015717671876839905
ck_11f85bc705dbe036,0.08996047295674668
ck_89f3e380b0686963,0.003282932064533936
ck_26df74feac7ec51d,0.0191674554299553
ck_a9812ff3c111ea94,0.025873957154573735
ck_bf6fb7e6470e95cb,0.0018998836272169119
ck_cee4e4e1b62bf82f,0.040732627869399
ck_7c560467daca735f,0.0003075341241299176
ck_f72a5a3b0d6c1177,0.0016318215788352088
ck_5fc90b4668ea81bf,0.009742124584743776
ck_c2a5c54ad8d0d297,0.011317505738550122
ck_7508aa554fae6afb,0.12735386533173432
ck_003aa842b7ca1d77,0.11379086968931788
ck_573feefba6bf78bb,0.06144227072196686
ck_83b2b192f41ee2bc,0.07638807698084733
ck_64796b6b2c3c7f06,0.023919948367552037
ck_5fd8924732fe403e,0.4330073678772595
ck_1d96d7fd65f208b2,0.07723893633996111
ck_9d00823bf60388d7,0.012143820876671483
ck_0ee6965e68efc177,0.33832445736604255
ck_337e98c69f6e7886,0.00946808645635837
ck_b8e8dba20676d87b,0.036451468991767495
ck_f8ac3a0500c0ec62,0.006880287993925677
ck_577c816b41cab002,0.9928823820098548
ck_05c97fc9de11aba6,0.7153668921614452
ck_c82364d87875a1a1,0.01873995054197374
ck_e43e53cc7b8b8e41,0.01482204873551835
ck_d07c5b0321c685ea,0.03843701817324437
ck_16077ac345472e6a,0.003762034244314907
ck_e07fd57565c94c28,0.03528555763742585
ck_a4d6e152b0076964,0.008163919390068228
ck_9929723f65636c7f,0.9938993423603917
ck_d90b1d03ae151f62,0.00427760519631746
ck_a553418f2fba1440,0.023647226965783145
ck_105b0c93573fd5b7,0.9721099342945168
ck_2a01e610348b84f8,0.01379629143604827
ck_df1585c7d72a96e0,0.0005117080289380608
ck_df520a7a6e405889,0.03289302522374015
ck_2d9524787cfe1ab3,0.7662889727931032
ck_7f15b50b29dead01,0.023899790941728078
ck_fcb2a559474c3493,0.014888580150377268
ck_e5ca550b39ed45bf,0.8361088615453982
ck_d2ca47180a926ba2,0.0038497930461569717
ck_0a93ed76bf36c8b6,0.28758284661395944
ck_406c4442dee45cd1,0.001033257124017724
ck_56de216eda6b7fa6,0.0023048744485413037
ck_3d56b477fe2370b6,0.018115324469920112
ck_edfe8e90e8f4366e,0.005915599406992034
ck_2096d32f3d497ea1,0.09210483592471198
ck_c18245be844680f3,0.02378675347453487
ck_0253b3e7be021306,0.0029218512951209464
ck_fa5ba9ed9ed6a343,0.01939574567780627
ck_c9c99e5b19aeced8,0.0011837012384821996
ck_14b4bf7be6ac2b61,0.05176461084403596
ck_b7df99aecef385e6,0.11718801940098678
ck_17ab3068fa303682,0.0034262077223533374
ck_592a3520d841d11b,0.029875904911115397
ck_094974d75e29fb2f,0.09115579726960159
ck_6cfa71d27fc27f92,0.02112501452369308
ck_f2ddae2eb1cb29b4,0.02245409102460634
ck_1757fcb0e6e3f88e,0.08363453096142229
ck_7afefa349b960a3e,0.013990746206156352
ck_487f7fbc290e4ae2,0.003135672082217635
ck_28dc0de0ae291f37,0.021842316842045094
ck_2c2f080ba185016e,0.020772583670283815
ck_f4a2bb10afa85743,0.0018664540593415478
ck_9ad08fcc183ea1e7,0.0009900585265142782
ck_d08e00c842b75176,0.0057391060402999
ck_a3be871ca22ac416,0.00914658300084295
ck_ab70961e7c6695b2,0.01775522499508021
ck_c6200734c7f9b2f9,0.984355339387215
ck_d0f470f8078c91df,0.007747870867722231
ck_11c7a58e09e6547b,0.027408892715756014
ck_2e0eedaaf2980c2c,0.003304640900932059
ck_0e2bc3a5afa439d8,0.08214627578144441
ck_c416357d20238a4e,0.006569110603979852
ck_f0c44ee5e3a42e3d,0.020983426133785524
ck_8342e08cc2f9bcb7,0.008154826381981324
ck_93c0cb3dac4891fe,0.005201333836083252
ck_5c5284c45d9ad8bf,0.03354567189049221
ck_3954b7b0fd1d6614,0.00031109419570625544
ck_eb1ddfc353b4da83,0.0011359012332964001
ck_ae668e4564cd2aa1,0.002843196754243975
ck_d89abbab3d4957aa,0.02027606880245337
ck_364f8203a3e98d36,0.7685049224644079
ck_004fe0daecbe2c1a,0.044289784491955836
ck_a31a64a39a2c4941,0.005329003336890863
ck_c49f25dfb39909cf,0.009191308869058633
ck_4ab74a6e7450416c,0.0030224827954980745
ck_55f50a9ae2db8ff7,0.001309475633482412
ck_7a86ef4e2beaec38,0.0010378419755937506
ck_f67ee7910d532216,0.07386142833832467
ck_21860dd2159dff28,0.0021518203790400732
ck_63560eec94b76d2f,0.01981722935503916
ck_dd78cb6ae2866cc6,0.010661492619736092
ck_c1f4509c8f5dac5c,0.0065686221832920375
ck_b921af37d500e139,0.0028323329432059434
ck_e23e50e02cb3904d,0.04283922613110424
ck_80c4e9274cf976b6,0.9953945391356189
ck_4c352dd3e7c81269,0.04328904374954757
ck_1cb6dc67f9a321b5,0.06858990111600166
ck_497ed60723283c0b,0.010955086450562914
ck_db23a5100f338d72,0.010573410798904235
ck_57658eda1c59bc52,0.0017979111294985492
ck_94410eedfca91304,0.028686176009674432
ck_eee99af3598311b8,0.022179473733242177
ck_832341c98254bd84,0.029881486513314993
ck_094d10439b7b4eac,0.003234883160232225
ck_2493ee8e7b91d304,0.05699647786347561
ck_254a7c97c36dab8d,0.02782284717687512
ck_f268416945316815,0.011367177434725605
ck_59e77e3a81f1fa0d,0.016386692954033062
ck_614ef655f0685060,0.11282583216874531
ck_04d2ea38ee27770f,0.00029829340268288924
ck_b89c6fa2ad0a12f5,0.02288443478544768
ck_1805fcfc4a9e4ffa,0.926100895752855
ck_3f5ae4673a9f858e,0.021380289166685912
ck_ba88a244d5f7380f,0.01091963554308226
ck_fc832b0c90c9bdb9,0.9269701431715842
ck_7109923fd7dab20a,0.007780299414565628
ck_a97b481ade6f7972,0.022137088217505933
ck_f56200205280bddf,0.037665485610499295
ck_754f30ea19df857c,0.03048667280569606
ck_59fd11b3232de9dc,0.9364141564840338
ck_7519260415c2998e,0.030847774435841382
ck_b7f5acf5df1bb13e,0.011865674158743985
ck_46656a23f4456d22,0.9692439594938228
ck_994316fa5a02b319,0.002085242711854094
ck_ccccb17d2ca6ce94,0.03352104477148769
ck_269f1746f2609ed4,0.029782819256444496
ck_3521243bdac61178,0.0029138238035049564
ck_cf920313f6dd28fa,0.0045093107033933435
ck_75d2a2715259c4d7,0.013807615619992053
ck_616cc31910f5de50,0.009697949107684085
ck_31e70f2f04b48b88,0.002025072959384427
ck_76ee10d6e2dba70f,0.06440400508218354
ck_05b2b04e11d9ae9c,0.007015356352552315
ck_8089fe7403c5f537,0.0058393747585494486
ck_3209c530c9812e39,0.004013238478211346
ck_fbf7351958ad9615,0.008844210113021935
ck_0adcb1fffcb0a34b,0.018631929523000364
ck_8f6ca5d3b17eac6e,0.0007015271669514216
ck_77a40c7d2f862a32,0.023068208652267035
ck_73de0b49709e5f8c,0.004610449552600007
ck_e3982142336782df,0.023002200918991383
ck_c6a7bbd0adc4d5f3,0.02841069729679029
ck_fb04ecbaebb774bd,0.011882004198050357
ck_de7259c3741db179,0.024270077278752272
ck_b6f2a2fd232c141b,0.020298021911534892
ck_91fa5032f7aff0f1,0.0374413606722207
ck_c5f8ab515840a0fe,0.02985693769756508
ck_b0f8f5408662337b,0.003629259982998177
ck_eb4f4267e24d042c,0.01911313358898872
ck_8cd1b68dd74b1375,0.1256266504531994
ck_3398551e81dbf3db,0.019991312390495907
ck_9a881d5433126ada,0.01009240432112159
ck_9fd0be2c018ff5e4,0.0055898868774393075
ck_364cde38958b7af3,0.21798816923928102
ck_8c95aeec6a4c75b0,0.014891182317573809
ck_2595669e421299f6,0.03434022427859301
ck_1402d24dd623df72,0.009100608317389527
ck_5c2d43ff841632f9,0.012154099997387353
ck_791d5392bbd80447,0.024727387933074822
ck_f6e9d14dfb6f3c28,0.028630927063753628
ck_18df83242ff3cdbb,0.5163924065603098
ck_c363d3b050baf3b8,0.0263852080973299
ck_f8540cf3a8b2f8c9,0.023948670193913134
ck_dbc487cb0a6c18da,0.8364871736061291
ck_98831b57c7ca2e4f,0.0012104303382808846
ck_a6c7b8d6e8596d4f,0.006790835637466134
ck_13f2560c6a1ec62f,0.027182152373115793
ck_6c48c58678f64bae,0.0010126546183740015
ck_e0346d5081e640e8,0.06425719443318315
ck_0c9e420f97baaa06,0.8130908106477567
ck_da06d97db0b18851,0.0008407121934983096
ck_6e4f31bd108571f0,0.001889878471282925
ck_120e995d50956bee,0.036878566458224356
ck_cbe525da0b69f18a,0.011656835304200242
ck_b62f3e3185251f71,0.0014029365211390588
ck_1747fcc466f0ae38,0.0013312517179956736
ck_c6afa913168ce8fa,0.010412699632796694
ck_e12a9f7d027e3387,0.0026529076484563996
ck_ddf787359d2b5deb,0.000419030116884855
ck_e1140be6157bacbe,0.005407751381486746
ck_47d3e8d1dd3fbcef,0.008077049603745938
ck_f90293f1eba5d7b6,0.03025759261229853
ck_2f6e64f638da0f97,0.002447095177640558
ck_25dd0b02af5b2f37,0.02516054535006251
ck_a2637e4872cf4811,0.09340724631913387
ck_2ae44938847f3852,0.010476750434627365
ck_8347455ab53ff620,0.009535452619627115
ck_7aa2deeda0e57412,0.9953783300729862
ck_f9c4f8b4ce2691f0,0.006550692420119389
ck_e5f7b99ba6ec5767,0.018253383992430636
ck_59371c9140239fd7,0.020192898080334948
ck_3380d60067b4634b,0.0012488801728185457
ck_27466468d06db4eb,0.015711568003082193
ck_16d2d27fadeeacf7,0.0037165889336561978
ck_0d5c0736ec76385a,0.0009563078235809405
ck_8053f1879a9b4e43,0.005211040914677685
ck_ecf9794349eb4b3b,0.016306375216264345
ck_913ecdeeb8e21a9c,0.009352218694519571
ck_687eab3ffe1f8cfa,0.018272248190681736
ck_e4459115cd8e5e4f,0.006439413703336371
ck_1964ee9db929a173,0.9770613314149575
ck_77fdac602d0c6f95,0.06274180339392982
ck_1a28b6a40a6bd3b4,0.21656407899535032
ck_bf285dd49f372de4,0.01411393194247955
ck_eb6baff0f85ba936,0.026896900286201564
ck_a9bf75bea912027b,0.02002004465146912
ck_bb4aec09d4968dda,0.07455667241597147
ck_48011996d54855ac,0.4496604002269786
ck_a1b4c96faed3e0db,0.020314033305893313
ck_8cb20053914692d0,0.03248429177056042
ck_5f52728d777ff2c5,0.016220978527631505
ck_d66f42a269d5c1ed,0.010555023631573115
ck_244b897bb4d57c1f,0.0061492366843206156
ck_4eadbe7298b15e96,0.011991541906097658
ck_179039559ff7566c,0.015599926535269497
ck_a60fe02fc04407a9,0.03314358995695406
ck_baa47383ffd50f04,0.006686662411448254
ck_3b1766a1d51f8f0e,0.830723579822002
ck_abc54ed7111e9ed1,0.0018727985757023404
ck_2a46b7ca55239413,0.009138669980721293
ck_4ef9de711c3d93b1,0.010017159937517757
ck_ff822700f3605e06,0.99914152675233
ck_783fe5bc20cd02db,0.05753037041973627
ck_ac9d3d9754104cf0,0.0016873393934964283
ck_9800c21dfbd8e811,0.011111666329214636
ck_454b9e21b7f25a4c,0.0015173543459509825
ck_17946516d5df71d7,0.003366921236148979
ck_b7e7f7d0cd886412,0.041322551700971544
ck_9eb5b3f5f672c2b1,0.0019266632892756084
ck_089e3a07abbe3b8f,0.005101817794598746
ck_6a28ea6ce69cb869,0.1986286928053196
ck_3be854e42e76569a,0.0011133986595888506
ck_d3e2c26b8adff099,0.011438764227564905
ck_47de038381a9cd65,0.10139724931812093
ck_e26a6659c237b650,0.011359826978997982
ck_7cf301d075e4e709,0.005070254429741595
ck_c56a44fe315c0389,0.007499148951506432
ck_0e70516fa07cfb17,0.7926210659858082
ck_d38f941d09eec820,0.014261274227157473
ck_d6a290ff8362c7b9,0.092987517920532
ck_cda72f597330d0f3,0.002585762190771238
ck_7c4f12d70f184533,0.000675729469653656
ck_bccbf9fef367f00f,0.02282476924882179
ck_710f867a3bd5898c,0.0028613097873831507
ck_be05447853d423a9,0.0011671453272087623
ck_0414507baeea936a,0.015665263363334046
ck_60796eb60fc3043e,0.002997618473853589
ck_d0b32e039abb8200,0.0031337780035790882
ck_9060f4e7ab7a1b0c,0.010054426283864139
ck_1e0841ed17fe0562,0.017680647192964773
ck_d523f0e50a2747ad,0.004064941762730519
ck_e322da8b213eab52,0.0012635532890110273
ck_54b0b070689c50d6,0.0003597509983893774
ck_e7dce27edb700f27,0.007605830031638863
ck_79e45040dbdd6447,0.03142021859537097
ck_259eb102342057ea,0.005472945718384807
ck_cd92852d7376a4a8,0.004649914134164128
ck_a705c61bd679496f,0.0075709319277586055
ck_4bfeb78b47b7c6a1,0.04066871154078997
ck_f7112818a6d81422,0.01684245730087582
ck_c2504f5a113433ee,0.0014542213814893227
ck_9915ceedf63a5289,0.05140378674233885
ck_bccff46fb0868454,0.31981002958671373
ck_db8733fd92f20cd7,0.006288750508728587
ck_8f3ccbd20d59f1f4,0.00184209524407303
ck_f77dfe6512eae322,0.019473380370919363
ck_957fb25437c75e41,0.03742873302991377
ck_46225858a38b2e57,0.008164601248769022
ck_f637fabf0f60528f,0.005337452204966017
ck_e6a6caf6e7de17c2,0.003239656615417354
ck_f7bc569b37e8bdda,0.007273186488580047
ck_e739eaaa7a1822f2,0.036176749073386576
ck_8409716d174635b6,0.00870401039448172
ck_04e40f556a5062ef,0.0036119554086743427
ck_fa3b1e85d27af2ee,0.08689192104831442
ck_703b375dd86a6124,0.010790517652365036
ck_63ce4f44c92d7143,0.025824934164446093
ck_0d641d32658d6e0f,0.0035152012296850526
ck_6a2c4edd82e10969,0.0015755178948478835
ck_4c5ff58afe3d7a67,0.0015137546264781885
ck_6b114f2a48152b96,0.00263413375521998
ck_e842fb0cf055a83b,0.04918460474865784
ck_53d17ab97de1ac3e,0.0032033868203377824
ck_8bb9e75393954a1f,0.0015445218301546404
ck_07cb2b6f2a4303e1,0.01729542035399692
ck_31631e2028d4f855,0.018612040502410405
ck_4bca22b5926b9c28,0.0019849160188568395
ck_1631bab0ba1256db,0.044210065718595655
ck_41d91dc9f5063566,0.015072661978370984
ck_cd78f0832a09bd8f,0.6613979315547067
ck_d5194f2e92fd6427,0.01920298481206854
ck_e25f70d0b7229420,0.029301387787014032
ck_1496568ddc3b2d56,0.01828743536599646
ck_53a6a33060d5c8b8,0.005793604020129483
ck_1dbf1f15193197db,0.03320234854014094
ck_5c85d93ecfed4b0e,0.00788983883745638
ck_2b359a979520276e,0.001873361543637836
ck_1c93cc58f314bf71,0.026567106071808063
ck_9341c7959543c542,0.002722044743393782
ck_1da9d40837ebaa57,0.007466656377763719
ck_265accb3c5c32620,0.06792406756639405
ck_ec4e597f17f473c6,0.0035025261934315552
ck_612089ec90c37219,0.011993324766072438
ck_c6bf67470f526771,0.0077599087412612636
ck_6eda4c36aecad602,0.0031054511413130177
ck_e62eb708d2688fae,0.023562575826517936
ck_e21a900556b382ad,0.013430104123290565
ck_fa3a766e49dc77ae,0.00853594611642732
ck_18a55b06ccccd88b,0.01578227972647499
ck_6ba091eb42ffa9fb,0.05040564217939763
ck_7b8cb0f90fbdc8c6,0.004300341905696366
ck_228a583f23abff48,0.022809377836965856
ck_a3ce05e9e5e32142,0.009968519727885922
ck_fb4797045077bc6d,0.0026190283757161477
ck_5fdafeaec036f016,0.014300269591562486
ck_e9e8cacd2fa35e79,0.08686459575613682
ck_ff182f033134dbb8,0.02834656710436001
ck_0cbd3b27063d4415,0.01728762873572593
ck_81709736281fa3eb,0.0015650926855860087
ck_b0a0fb0ee9ebf106,0.0021804205279861827
ck_2faf7ecccc9fec58,0.0006710592412850029
ck_d251e9fa09e542dd,0.9978018268017077
ck_32f590e87bc3d715,0.0002743766351196943
ck_20de8abfd8960ee3,0.018172201607312775
ck_a60e6edc48e3d0ac,0.21110396074527088
ck_905e460591d9a278,0.05085481533449995
ck_2ca83dbd728af019,0.005304091532460898
ck_7061786fe2f22f5a,0.011515482862684072
ck_821446adc95e6da5,0.005229146218163356
ck_b1182471d9ac6b26,0.007112051314195795
ck_59d380a0973b3951,0.030522370733902522
ck_f7fbc95ebf584379,0.006170884854859459
ck_8e9faf94e3e6c757,0.0014608838461868882
ck_d9ba2a6c0d926b4d,0.001137843377678767
ck_4d3aa36ff83f1132,0.24461198289837868
ck_db906debc36a5d1e,0.03702899090898527
ck_329a73dbd585ee09,0.0028681630637938335
ck_f6aea576cde8d592,0.0007210264556717265
ck_c40ffefe4e30b001,0.03203179764259329
ck_501dcf1ead036d2b,0.0038407979877024775
ck_8247b79ac67aae7d,0.0123261626981013
ck_e48d14d5b70ef5aa,0.024570241069201474
ck_f3ab5dd853d38252,0.04514666102927185
ck_1a0aac7f7b94b1be,0.10764731197567814
ck_d4c8f0d957c3965d,0.024236698711442118
ck_9e3896c2668ce06b,0.019779174316439798
ck_227602ad072b838b,0.0008155635899539563
ck_9aa899a5230b0963,0.11304022711608937
ck_344b2e326a6c3dcc,0.002976380910967189
ck_baf43bf1bd963f9f,0.019403948597222904
ck_e6c584b4b1ad6d9d,0.01020896264614452
ck_ab9f0e08af030060,0.023844778115526318
ck_5ad798286384484e,0.014745522586526977
ck_ae7780327e210522,0.012380169550108648
ck_185f15b1523bbcf4,0.0007174736547194474
ck_bf378ea558a4125f,0.8749859324690524
ck_1325000bc7f35b5e,0.0009644888724141452
ck_98e1992ac8e7d2de,0.020953705039549485
ck_71fd8c346fde5cca,0.023634199697859494
ck_47a884dec960ff2d,0.016462041690370362
ck_2dcbb71e39d64305,0.0362378875956808
ck_d546994fc5d3e9d1,0.009410820009385855
ck_c2c7d1e45a521857,0.03498599158337226
ck_d72035cb29db3aa4,0.017327922188072543
ck_a0498755cd8d7188,0.0005466180813887426
ck_a9aa389688ee5aea,0.006461094770352001
ck_ff24776280ceeeed,0.006224179025838753
ck_124432fd5c92af7e,0.8467853950627721
ck_b27a9e39726b26d9,0.0021871468701366204
ck_c4a72c09f2fdacc4,0.0036554023586772406
ck_bf47375e41ca3bc0,0.0017552546371159621
ck_4c518637db2322d5,0.39548244549867123
ck_9e7278fc7679f002,0.032367505700715386
ck_b9facd2210daca5c,0.0723771525735254
ck_1c607e24f2c4397a,0.08304652505442635
ck_b1e81b58b9a545ce,0.049300694301220346
ck_9d5049e195eda029,0.01566487333855185
ck_29076a13f539187a,0.401461177568834
ck_00013fdfa0bd37dd,0.006260154920065503
ck_b6675a04df1a4276,0.0024864072153448044
ck_52427b3f8478db19,0.006437668980804905
ck_3b810f15ca0eaa55,0.011100086944575883
ck_0f6d916c92189516,0.010944889835827115
ck_b3dd1198ac5aea73,0.03394371865450633
ck_9776cd8263a9f415,0.0038570079914191004
ck_7d51c86e0eec72ac,0.01172544408375228
ck_bc2e771a1d8d2dee,0.07698191387016734
ck_c10e54c9db29e6ef,0.9924515241940989
ck_7184ad7709ae4c80,0.019701812384072714
ck_e55f5ca37f30ce8c,0.006269988091720442
ck_fcfe06e44d09a344,0.019814762053568937
ck_ab3426435b0017d6,0.017923713521816563
ck_c383aeabd53e9c89,0.018455976866699492
ck_71bc01291e0533a0,0.013118601508933795
ck_8220da627e9992a5,0.002469428805510631
ck_91d417507a8c58cb,0.14230045971176478
ck_79d6793d1d0cf43c,0.001571366935612749
ck_8d84d771a21942a7,0.0014031113750705166
ck_b046a42684468e63,0.01199088507931952
ck_1058129ed7b48c59,0.008523266441606378
ck_962e65ab33b5c311,0.973396326804505
ck_3ded7a8720d7e311,0.002868032294868892
ck_9da82e567074da9d,0.008663168944381764
ck_7b1319a5ca2f63c6,0.9813559285271928
ck_2cfb9a7775e8a5bc,0.9782498555705281
ck_6846100e43659bf3,0.0013598770332770422
ck_c72a7d0d03cf3e17,0.11867601259251706
ck_fb00aae4e17740c5,0.007921941477477223
ck_2770b0400a7bef08,0.07515158275844476
ck_b36086ae6d87eec1,0.005712218221525489
ck_ea2a83ccb8d57490,0.001464574477370193
ck_4be03a2aa62b93c7,0.0007019027621802614
ck_2786cbc3e75ec034,0.5822231804437304
ck_ae1da8ee98e402a4,0.009127330679190367
ck_b5e54e22e3d6960a,0.008997370201594478
ck_3d139692c51b604a,0.05549448328298385
ck_718a8390b3d42d7d,0.04239853571751535
ck_62081bc35aa59931,0.008761437993736118
ck_7c7266f6ef2a8466,0.044619416596840836
ck_885cf685a9541190,0.8092460115375265
ck_2857a4ce9f72fbfa,0.0019145647814754463
ck_0ffdff7b2f5fdfe4,0.013848112924820848
ck_01a750db6fc1168a,0.054241976376498593
ck_7eb4f33260f1dcd4,0.0180643888440018
ck_260ef2f3e6434819,0.040785322892203636
ck_544a9e80b7fdc279,0.0012305203291537686
ck_97d4bd922996fa10,0.004416455422348854
ck_795c49f312640019,0.0003642228268480244
ck_0f8cb09d3f4fc980,0.06789907579635691
ck_69eb0b2ccfbe5f95,0.012845463920323168
ck_44950df09ff14ded,0.0014909736685130733
ck_70d19d5650ddc8f5,0.018396909089750946
ck_da39653add0f1109,0.0015025766421241373
ck_b7431d4706461ec6,0.00787913816695771
ck_2f6a639468f41043,0.01403877309842698
ck_5a29b7018e43280c,0.0011445549376431431
ck_18bc51bbf3ef198e,0.015691258722032055
ck_5486768475af7bb5,0.937412290639586
ck_edc9668282e3c8cb,0.09403399540697231
ck_b64c87d5e3b10e6a,0.9868100216944328
ck_bb399ed6bf28c230,0.025944868189953892
ck_7ea52b6f27edcb73,0.022234536093383918
ck_0789a05e061b2784,0.19012753820544834
ck_29ea329fa40ace62,0.014112066916835088
ck_0034d010d28aea78,0.010394430425241127
ck_b52b99dad89ecdfb,0.034387490607186315
ck_e7b583acaa3171a2,0.009559208357677351
ck_d2d4282f9d256b3e,0.00238366139096548
ck_130d3848b9dcdb05,0.009112986532841021
ck_4fe4b072f03f2c1e,0.003892102630517264
ck_16801e628e883d78,0.0032453237996546533
ck_610c7bcc1cd7ecb0,0.021294872910228985
ck_34d6d74bb3ed11e5,0.001735392726316266
ck_e87897767c612942,0.01931872764436186
ck_d902183f80cc81fa,0.026297969031033673
ck_df69858b8a8b3165,0.0075619509884818645
ck_90489c405e6886d8,0.0019065745204561986
ck_84d07028b5fca2f6,0.02557874499429042
ck_d96c893721385e4e,0.001231831209416389
ck_f65ab819373edb37,0.012674806800625977
ck_21cac21fc10b7768,0.006598421631893466
ck_a0255ab46e122d2f,0.0009749555120308407
ck_084322dc5a3a86f0,0.006937627193152762
ck_786448fe3004cbd0,0.0029275123465948333
ck_e155cf506b2fb699,0.001968263729919564
ck_5984be472d2bc267,0.07927497421837972
ck_dc3d8b5c17b67ae9,0.005687786522524186
ck_5ab68b434ad53fea,0.002716996310573105
ck_2bd73d9098504760,0.06042146688414753
ck_d21b38231a8a9f4a,0.06422377451094428
ck_1dfa91405d7e66bc,0.001274249933391787
ck_ecdd01a391610d99,0.004217955119901183
ck_f928dba0d587d7c1,0.001486666393139244
ck_d87e26eb5bc84b01,0.001229313083422297
ck_d66d59981307db93,0.020539035688814027
ck_07f1734be7fac56a,0.025503867612441736
ck_a9b0c4dbd7db6a91,0.025999429050004182
ck_1587763dd54688c9,0.01014811752276596
ck_dd30558576b45e7b,0.009098204706650587
ck_4cedf26628c84f26,0.036349171934892566
ck_a2d709e7eb91e4af,0.0540783981876952
ck_3c48e0cfc2a58041,0.17366047726387887
ck_b8fd61a8e82bce32,0.9499462514993793
ck_7a1519ad5ff45312,0.0002526278060912162
ck_9dc23031b6b494af,0.023965107148312285
ck_9ae904fbef56065c,0.0026958304470974755
ck_958acf84c6137a22,0.013552868090658726
ck_fe6e168cdbb46b9a,0.07228335536381955
ck_962c3bbf27cd4b80,0.05716396452791378
ck_df1a6edaa3e6b271,0.007102790341076973
ck_df0a8f20ab8f14f4,0.010531797414652514
ck_b0a947b498e47018,0.010982972218984269
ck_b616b6f45225f319,0.0569547494855137
ck_ba3a6be026c87079,0.006427406701607273
ck_bc7710f7e9fae649,0.0017233261113745787
ck_c5eefc0697451de9,0.03136952526430688
ck_e69195a3c885053d,0.0006212875202174579
ck_52e37e2170532e2a,0.08282824010773801
ck_826a27ff7555192e,0.013378904559203215
ck_08c6cc1e143475e3,0.004513385792197154
ck_923d6a0f83accef1,0.007644013816279789
ck_09a988ebcf062297,0.02282712751150951
ck_17de46314b5c6a92,0.006270338694005673
ck_6176baea8cbebbb6,0.04073603107368903
ck_e74716a525ee5b24,0.001440448548699819
ck_8fea7d915259f1be,0.003714030587872313
ck_ddc11fc481eef58d,0.015013656724100065
ck_4feb21e2fb0b3977,0.006121692822595532
ck_03d3026107175dae,0.017586900265890087
ck_6ad56ef40086dbe4,0.005555014430443888
ck_e81fc223bed3c46a,0.14674274846246713
ck_862c7953bdea48b0,0.009832052182844716
ck_c0dde2a6ef1e08c5,0.0008431129863552396
ck_660f0006780e87e7,0.01157465894814564
ck_69887d0a9aaca6df,0.00035716110757875324
ck_a95f212a02433d23,0.0020855258096137033
ck_ce1e695884511479,0.01415004190626035
ck_ebc5a2c6cf88e252,0.05690838971975256
ck_2122e9bb1afffef7,0.010279651046460647
ck_38730aace405f2ae,0.998517282188814
ck_5691cd6fdb6d8147,0.005844471897311706
ck_7dadef33f5e2d94f,0.997309804868993
ck_278b36c5932d9bff,0.0017676252739395341
ck_6a892dd5d05c1649,0.006432340322863521
ck_4a733aeb833406f4,0.004179652601152333
ck_953bd5de48ccd70f,0.8567663047923288
ck_3db59982cbae4410,0.04545350405782471
ck_b8d210e741be186e,0.005396310813857709
ck_7d6bff85e7a694bc,0.001164381439430731
ck_be86a1db08dea456,0.013460970590987435
ck_f761b7650a0c1a85,0.008957135440315964
ck_de8494b13adeffb5,0.0030850071384458783
ck_f854fba8f4adae3d,0.08486543343150851
ck_b98e9c3ec6e7d1e7,0.002229610231899831
ck_ccb72a33cc1877b7,0.017688610156434185
ck_76997a33c3ea5107,0.0004608471530629049
ck_d00e09e66ed6458b,0.03825728404606322
ck_2bd96ddb8c323d63,0.9987790113139209
ck_f792586ad0381eac,0.03187468204227334
ck_1eeeee651e05d535,0.0609932413546138
ck_fdf0c5b722d83464,0.002325859742725078
ck_a823f5bcb0e4b9df,0.0008037524899967729
ck_28f530aec8e77130,0.026263228120047447
ck_80b04344c98ec072,0.010284293779912468
ck_97e56e6037024dff,0.003548608665638659
ck_7c38ec898f0fc21d,0.0033694995715438237
ck_205c3405045bd835,0.011543513512994956
ck_b456f62b80e21557,0.0007797585148743931
ck_1d6990d94a4d2ad6,0.00835205570826542
ck_a574a08edaf81781,0.011073322977717306
ck_c8f2a1dd8a6141a4,0.0011227300503778145
ck_51440f64f7250ad7,0.0456856471114514
ck_fa7de64d37287615,0.06334214115497865
ck_d07bfb16a4a7dac0,0.8828218078981265
ck_0d362ddb4a1cb6d4,0.00918168160049055
ck_292f81186358b0fa,0.014807578493748875
ck_d6e7e257751c299b,0.004907384670892554
ck_1b5b75762f033462,0.00958822302779787
ck_152671fbf8a9a78e,0.16718630173738336
ck_c0cf50eef030b401,0.0007905875750284878
ck_c1466b52c0a10b93,0.025466147879908373
ck_d208494cf5c90047,0.03869154233061738
ck_7fa947a0b1c1cf74,0.028955932775327684
ck_6cdac067cc4db5c5,0.016186748828254112
ck_e3894ed88a7977e4,0.0028857492805763954
ck_53f55c6e8cf2d432,0.001573135160105308
ck_a2c3e82fab520483,0.019517645435253635
ck_519a26ecf3d29c90,0.007665811595355181
ck_1a415416f620d49d,0.002874375560054011
ck_c24b47184534cc2c,0.9850108211635634
ck_b2b63ea65edf1dde,0.034227842514003466
ck_482dea6eed92cbbc,0.008158007128210566
ck_7297bff2b7fdcbc8,0.00038175922658398114
ck_9a21d183524734aa,0.10367847900498818
ck_95945f48453ca532,0.021535008775652464
ck_6fc37dea4b4f35c6,0.16032807138373095
ck_afaf374009d3b248,0.017089131590776883
ck_10de0b0d86b17839,0.0024564759353257297
ck_142c00f9f8557504,0.023943548952131168
ck_c0133f60d39b2fb5,0.010074029865639576
ck_864a11202e19e812,0.08416917969140411
ck_3f943f20a9da9bff,0.014529294229391705
ck_7346e4f820d9c00a,0.9514703905786072
ck_9790138467a06223,0.00042835175248609437
ck_35b1939c48182a9a,0.13265116315635275
ck_11f362dca2dfaf5a,0.021448746426778666
ck_ae0a7be6b0a0ea68,0.00804606467061908
ck_0af5b7d128035b35,0.036778852490580896
ck_8d8226520722af78,0.2802138163085236
ck_de58ef6f9fe2b546,0.01851343945428526
ck_0274d881d6db82c8,0.004430993483264061
ck_c88fc1bac79fa6d3,0.04604246597512455
ck_826ee896c9f1144d,0.4868133470029843
ck_3b436cb29af99f3d,0.011841836078695041
ck_6f8102f62c876cc9,0.03627320234202963
ck_20fad010969f1abf,0.001664284733173946
ck_23aab322810b9fec,0.007321158848813281
ck_4e329e29dfa743ea,0.12357420708242436
ck_2a7eba01ceba6c2c,0.08000775395202527
ck_9eb1da8cd35a50ce,0.011696350564799151
ck_da1a2450219dcf19,0.03339176781043823
ck_3716c6181a5035bc,0.03383308235354671
ck_51fe0b613c076cbe,0.007309711522585612
ck_8584fea2df4c6317,0.02906160974501362
ck_ea623358f704daa7,0.16035279395145954
ck_ca491debd3b32a59,0.05236251671732265
ck_18c3a095606209e8,0.014357373026450187
ck_71db4131d7efe218,0.004583241387657606
ck_a76e8d83b9141364,0.019408986391491065
ck_5d5ef9e75f65d076,0.02039928317694375
ck_683af7b1540a0b22,0.034777356319069974
ck_e8d37262e859d9a1,0.011949673508800494
ck_de5bb7a4d091386d,0.1807644450750403
ck_970c7dc195161272,0.000772459423774147
ck_80a64a7f0275a71d,0.009033195942034094
ck_04bd8a1ffaf3ffd8,0.0016008614881906091
ck_77e0589ab339ca66,0.006349478454049817
ck_7baf1e55db0dc558,0.012447035557402786
ck_f05f5e4b40afa52f,0.02700893119629266
ck_dddd14091ce812c2,0.015672567936195217
ck_12c46bc52bf45b36,0.008875002915583678
ck_740d8fe8028b5a2e,0.011747588160579917
ck_cf78169633a1600f,0.001409030850187986
ck_1a3fd2cc4b4de196,0.005396268165763745
ck_f4fe78e249092ab1,0.03180925425304621
ck_966901ea9c77cc02,0.002566791107617945
ck_f9fc468915afe49c,0.054120547163952454
ck_af3f74b1d75a5d95,0.020048873274089322
ck_af70aa32c009c3c9,0.016054796637600146
ck_da645ea91d66aa6f,0.09845541137376666
ck_e15e3390f5ed45f3,0.009660223560168343
ck_5f87eb05d18186c0,0.0032134947329166674
ck_a61a879dd46fc9f2,0.010534192074734591
ck_024dcab126876002,0.016815158135195633
ck_819b482bca14c068,0.7317477629988884
ck_15220e78d1545e40,0.01194798872178059
ck_2ca0020038bfec58,0.4797367838856661
ck_fb00dd5021642507,0.01729633062638567
ck_2737a72de6b700f3,0.060206383258398805
ck_263334d722ecbc97,0.9132042511308722
ck_ba1f6dd43fc8a0b1,0.008188332459476266
ck_5a22cb36d612236e,0.0032734156157773007
ck_d86ccf148c06c8c8,0.16772546099683858
ck_60b023af6d1e30bf,0.618148377958877
ck_1c8b94efe9238f5b,0.0009879138209666356
ck_0284dc2b4f856b3a,0.09544028834722207
ck_72e550559487b919,0.0030795882506381897
ck_7e73e1d44ce82ed9,0.021778520622568832
ck_f8dc8473c2772729,0.04494390686180296
ck_4596624a7c01d501,0.011166284537030856
ck_04e89fbd739243fa,0.0015170969409966323
ck_6149ffaf18872dc8,0.0026349165137170448
ck_e0171f91cb3411fe,0.013058468361071218
ck_1ecd5516c92caa4f,0.0005525983096227891
ck_21e3b3bd998745e5,0.035554602272161555
ck_05ed92a7c3e10e5d,0.015171185794587308
ck_d6fb9cc5171e3e9b,0.8448263126905382
ck_f0cf85b67a9b840f,0.022157064392500817
ck_c58bafff7b1955cc,0.014861316876097298
ck_06280e6d6d2485b0,0.006564674708373421
ck_99d3983f907828bf,0.005160965118100952
ck_05ea4440dac6cfad,0.03240326041354128
ck_5eec9ed855c26000,0.0016088843610776087
ck_5ab39bdc9610f6f3,0.7163048039273288
ck_c35d444e05799db6,0.011176133527590627
ck_87cce4126e215153,0.02048481525085195
ck_713649668a7ca824,0.04855901059409248
ck_0b0c93039f987abc,0.01890844751354728
ck_6d07d6d1bd227d37,0.04999663305871004
ck_e00e82a9419ff086,0.049701287702201495
ck_eaf3b6d11bc3cb11,0.0016934311337113712
ck_2bb7c17168a9d17d,0.0032861575420440217
ck_416f7ac57da081a3,0.01428038160221657
ck_b60de9e97aad9e45,0.9763871476492145
ck_7973edc9f22ee7b6,0.01655033427460238
ck_8452b6cf97c65a5e,0.012434262919521667
ck_6fb39b60c67d5475,0.0022109906802751586
ck_785fa45e86bc5e95,0.011431768460637454
ck_3eba1fd2c7acc4c0,0.43788501036032973
ck_c10c8bcf5bcd516e,0.2247464875815459
ck_2825e34dd3e7ea2a,0.006726988892300822
ck_67f3794d93e2dd67,0.8179569072671119
ck_9cbd9ecf8374f65f,0.0075868294738829015
ck_32246c62640648d9,0.0009747163997728902
ck_f301f6758e170d66,0.01464110997082293
ck_885a83975cea5e64,0.0015791713532135347
ck_0d2901bfe585c391,0.046473277119600455
ck_52453401f88935da,0.01612177168729278
ck_f9d481aa4f9b2808,0.7166428193552342
ck_18c179b4afc4fccc,0.009600854234664011
ck_a477654d34783e06,0.012711360071651776
ck_7310cda3bc65a73f,0.0039674534295894145
ck_c20e89afe575549b,0.0030862526168317687
ck_668ec61c4c39cae3,0.0011607998415125494
ck_fc2cb29918631f10,0.06453076225892977
ck_15ce50f2704227be,0.030341802779828387
ck_0c533ff2d0f9962a,0.04231136834854393
ck_5881b174e49b04ee,0.0017847094172537467
ck_371bd9388b287677,0.0011450886169093756
ck_91a16336ce3217dc,0.024615507052202185
ck_a760d38d1bc4de97,0.002155759703894647
ck_a9dded7f6294e44f,0.027135131425594462
ck_c8a03c516ed5b05c,0.03425707967368149
ck_25bfca1d8eaa152d,0.003585581085490297
ck_191673540d8486af,0.033187177393008443
ck_82eed68d05a42128,0.01392899719882484
ck_24b0803447211bf3,0.0287303854296809
ck_023908db0a193076,0.09591711403954774
ck_aca35dbcb835ad02,0.010133534305854557
ck_248b3659a9239240,0.01724260638747644
ck_a51abde881ebeff3,0.016416412795765077
ck_db9b9d5d30f74070,0.061559989834019925
ck_8b3401b44aaae728,0.007387622796003504
ck_0841a5c24fd3dd28,0.0068824886787203585
ck_541b6ad5d2fa5a39,0.004070330451183099
ck_16c7bf94ed3e7a6f,0.0002890510529013215
ck_c82897ebffb6ae66,0.0038918089367598746
ck_b4a6bb4689cd7cfa,0.029939488130986562
ck_7c4f42c5397113b0,0.001339003583903602
ck_73f124f075ede0fc,0.005634196409728443
ck_7584e7bd755cb28a,0.00863126157681735
ck_9f792e7e721ff7f1,0.0012735074802744026
ck_c735b643d3cbf67b,0.004982001079785536
ck_58bb02d98e2b9cd5,0.012507847079506727
ck_0d65bc749eb42710,0.021103325043941558
ck_6c33cb15b0d8af54,0.015330659688840793
ck_c7f6f45710bc050f,0.0036849438542738955
ck_aefa0d8d933e0eca,0.026975036456919777
ck_c1ee56d65a42f59f,0.010949883676704412
ck_66147fb994495396,0.21776611638443372
ck_06e73afdec26aecc,0.11319265254528647
ck_9fb8e3d38cdf276d,0.9389206602305546
ck_ff3998d6858daa21,0.0008175864080619952
ck_7f188aaa63d1d442,0.00907920431294785
ck_c7d444d90fa86d7c,0.34944685607304893
ck_d68d42858a55adff,0.03755806734492687
ck_fa7d5be26bf7b31c,0.09930486262156395
ck_352657008983fd4b,0.009780686760059124
ck_7476e7fe1ff45545,0.02649566526393086
ck_41406cfa209b6bda,0.0031010202753117538
ck_475ebccca25e30d1,0.012452940719461106
ck_49ccc3716a564256,0.004008172072458972
ck_04470bc93b8a0d71,0.004446440332316947
ck_084cd84501012218,0.2592916025380181
ck_684609767df4a14b,0.022338073511913727
ck_3e4d02a04be2aaf8,0.0036232339461406368
ck_f01af1b0c977cc06,0.01106023896144883
ck_027614eeba8b1a4b,0.007526569300991903
ck_0f743bd13373748e,0.025336417133444273
ck_399b0d510be98bd2,0.010678047136947337
ck_ca4465f2b5c1a52e,0.9980652912503096
ck_2a59f23fc5194699,0.06903012566990695
ck_243c18dbf150831c,0.0015612462893353622
ck_88d9244a9cf7a77e,0.8759947406173084
ck_1ba28fb7ef726ce2,0.01203357007333377
ck_786f079389126e44,0.01784995851774238
ck_4f01f7eac0efaba5,0.010193422627746297
ck_47d29c01b20cf69f,0.008987777403325483
ck_07a5610ed28162fb,0.012862765164572352
ck_57b8226610b48854,0.0032738211027226885
ck_c6fff412f531db0f,0.0005934412134140838
ck_bac6dadf428eaea9,0.014657198155535105
ck_e37196b20968b73c,0.03503808028638307
ck_12631b78f8a03df2,0.0018945230027287586
ck_2c6b174b063ec637,0.010230829870297262
ck_af559f990c640e41,0.032310461746452794
ck_e7a3881c3e36bd51,0.6505978772432731
ck_5839f5cbd8165b1e,0.010140358109907288
ck_67858bc00e81490d,0.0006354762031389737
ck_4737e0d56c6fa0a1,0.03372285527894659
ck_93e0d6befb67f7a1,0.017333691205077096
ck_2e315f1b1e533dab,0.0035720989471188487
ck_af32a0660090dd68,0.038758601768601054
ck_ede2e887697ffac0,0.0022206236355392477
ck_f48acb73a5d6af07,0.1420283664884397
ck_756d2c13d02b3e09,0.01431701968129946
ck_96fb9bf556842bbc,0.01067611402874765
ck_916784595f028226,0.09200416996515497
ck_20c99b645f462449,0.0018758075011610603
ck_9863bff41d24ce9b,0.015045871503905826
ck_5009a6c8bbaf15ba,0.03486907886412102
ck_a821980ac4db9943,0.23062044273838206
ck_e6de67c0d82a7b83,0.005436717786377404
ck_752dd3d2487f78ea,0.015058119537056304
ck_9652283c9f61fcec,0.0006536851262364142
ck_ff8059ae5fa5f1ee,0.0003638408402022271
ck_fc4a43f8876bf10f,0.36822180417968764
ck_a9aa5c344c315532,0.0180474984027513
ck_8e2b2251ee224aa4,0.01318372200942483
ck_3a47e3f54475e854,0.004966420675067922
ck_51bd5f69b4fe0b92,0.9369672993969358
ck_d52432ed597f3cc9,0.003182693298933813
ck_04fb61e5739642f8,0.1616000377609289
ck_fc3d95030b81f416,0.0004877151207366155
ck_1906f0dfaf6e9bad,0.8651385977758402
ck_66cfc1ebc9a513c8,0.006925524916656375
ck_1411a80a157ff39c,0.009627508899520432
ck_9b436162039a77d0,0.04434690234924923
ck_b9485218cef413f0,0.00486899670814031
ck_b62f5144db15ad34,0.022967597350372588
ck_5dcd443fe0bbdeac,0.0013878487008714179
ck_b7dd681eb3d2ee38,0.0016609226242344525
ck_bd21164bd2bbb635,0.01230022464245866
ck_e6222925762273b8,0.031604464381904264
ck_bfecad7586f65e4d,0.025267801347145753
ck_aa9953c0ca2bed7b,0.000581314455527507
ck_bea56db7f3e930e8,0.001517019527887682
ck_e40a156511345d6a,0.0018591382349936365
ck_03f6664a96de7d0f,0.025811483237859097
ck_1a319e509f1efa1a,0.0008610735165079832
ck_7a52674e2806d8f5,0.029085280981776252
ck_ec4dd3675a8d28cc,0.021222800706222265
ck_dce1fb3acd65562f,0.004036520911123261
ck_abb9d65ff1f95b64,0.019036844596408066
ck_aaa9861c91bd14dd,0.006000075367167626
ck_2cbc2f93a32eede8,0.018027504157640956
ck_f2d3e3d90608596d,0.2885401421604511
ck_127273af97d7827d,0.0032548839194807932
ck_a6def1e4b2d57e0d,0.047796198013908574
ck_96247fee0eb44420,0.005176305446267309
ck_5517b9a865960542,0.008317414991226244
ck_37176850ed68831e,0.002763262562717547
ck_ae416325fef92c9d,0.9452900344988772
ck_f285e5e1912a7c62,0.005122386838660109
ck_368b65fca69fc415,0.06221114951297054
ck_9a36916b60178ded,0.8450799102821099
ck_4a0eae220a762ac5,0.024185137257830194
ck_e9b0bca7368555ef,0.0024702203710049537
ck_da1c853b0a061e83,0.023749279696090163
ck_58412a2674fea506,0.005553740485428048
ck_9ab42875a0f95b43,0.02769927377923576
ck_affa5aa0bff9bb0c,0.01270839214850197
ck_d27a73596b6500c2,0.015330449138511766
ck_2d963f9b2c4d11e1,0.04011511191477348
ck_dc16f939c2f44ad8,0.04499819469654602
ck_97c38e7f61c27e47,0.020718673029021098
ck_861d8e3d88f1079e,0.04237981983491296
ck_819988d8a7f26415,0.005610901711048987
ck_5e021f2a3b66e256,0.030469274004511923
ck_0428728df24cdab4,0.0025890777651087437
ck_780738e0d71e7e43,0.004354112351217449
ck_5fed957287ebca03,0.0017417001005535977
ck_bc19c383560c7477,0.013581378272124852
ck_b1befe967f7a5ebf,0.04381048942972585
ck_73a54b56a2bf35fe,0.8993752995248719
ck_60bf8a2870956fb1,0.009050218506138154
ck_6a0ccd7357979f0f,0.04456652274816199
ck_6b255bf68709109a,0.008624612901051735
ck_2cb3c99845e572da,0.0038626262050358066
ck_c9e1e3229baae708,0.014069961371836857
ck_1a4bb7d3d2ee3227,0.00766406649854084
ck_c7e07ebfb0bc15f6,0.02892424743052406
ck_4bb90a61c21a303b,0.017552448229669206
ck_3ade9eac7d7b0dbf,0.061391448051621875
ck_8171ef803f5ff604,0.012679937872523991
ck_4859a58629622915,0.01776171480761691
ck_20124c3a16c53ce4,0.13566295234826978
ck_dd3feb77d7d4f6d3,0.002594238839046289
ck_ed0c4a83701ca230,0.0146922988492363
ck_982ebb24174a4ade,0.02395432791572745
ck_deb3ac0606d6f6db,0.030047359985854727
ck_e666629e5a41b39b,0.009038882703522046
ck_1a9d6190c57ea7e2,0.3470546784717377
ck_527550dd15f38782,0.013640936213233734
ck_480347ad92037105,0.006887620866666815
ck_00b9818e2064405e,0.03766647412338356
ck_b53281da70defcfa,0.017628381588667478
ck_3f090fc96c24eb28,0.001063616041336652
ck_3d9afd862b3f4053,0.2663965741419791
ck_9bf3ce30b65f75c7,0.03251968666888902
ck_2d5a6b6636a2596b,0.0025014846175116273
ck_9a4967cdf49265cd,0.13835294138923132
ck_69691226c68fd50b,0.12073628868798232
ck_1b1efbd9c0964c8d,0.01608561389190245
ck_78bc3f1d0f35ea6c,0.01439080554939995
ck_d288b77d1e227970,0.021585704649934076
ck_017208fcc01b5d40,0.017649960126611144
ck_8b3b874249adece9,0.05019219942254278
ck_49ab879b5aa7fccd,0.05885497847495105
ck_b3ce8f1bcedfa043,0.012445380669251802
ck_7e3923d278a5106e,0.007233455091464308
ck_e05e91cc180063d4,0.15371996436904
ck_ba666a425930615a,0.0006432824415163019
ck_a8382d8345f21e1e,0.012584933750808887
ck_3dee83fa2d109484,0.0010084313576125725
ck_2d177b2f4f0b40c9,0.10044534814698441
ck_40140bef4db73741,0.002500123095470514
ck_22c862a496008c96,0.995837645040261
ck_aa42976a31cb7770,0.0028064375835818983
ck_782b0be796164335,0.0028356611191009814
ck_5f864d72d1eead99,0.045615599496049056
ck_0ada6fed1864e7c4,0.016836309941364085
ck_7878545739af0a73,0.0013059060911709674
ck_ab973888c20c9120,0.10022773070681384
ck_1ae460f331e49ae2,0.03547701743729503
ck_509c22828d467ba3,0.018479898380505674
ck_24dae044dc05f849,0.026872634537369364
ck_2b8f33e22f939372,0.5765268638520653
ck_6a01c375fc26705a,0.0005105707807575853
ck_ae96d35465b3b4bd,0.004103551913088753
ck_512ebe97c0af94dd,0.18167684243007956
ck_5af9934a56801ac0,0.012692757841098946
ck_fc7445ec76389a58,0.4281086257472096
ck_b8266dcd90cbfa62,0.0053935968654702125
ck_884b2e463ff1d54f,0.019326156366877966
ck_95aff1fe27fb24bb,0.010978073291912402
ck_7bc752ae7cf5d55f,0.008159710107082855
ck_57b3fee69bdf85e8,0.0016925740747243984
ck_ef0d702d7b0ed745,0.002986559000180238
ck_212380e0371d8a6d,0.0355453164399543
ck_2b90b76cf4d162f9,0.010130434435166407
ck_87771861e0447210,0.03790376341520341
ck_21fe7bc59dcd78fb,0.0034798717026142856
ck_fc0cc4b25e6a8194,0.005407176481116865
ck_e7a530e09d113dd7,0.15069349767438744
ck_3f94a34f5038f7c1,0.963018352654597
ck_124565a11b2f8bb8,0.0034211454267018943
ck_38ba4a6b6a292054,0.041818004349585006
ck_6a4981bc721df37a,0.012529208532030637
ck_4672167d7c989bbf,0.04513603678569659
ck_817926b449754917,0.008525759177097686
ck_54c2604c9ca6256b,0.016152389816942274
ck_0302f67d75973dce,0.04922546382266136
ck_9a6a1f8102febfca,0.016280564215184635
ck_7f1c20319eb60aa6,0.9980936841473297
ck_a86cd653472eccbc,0.018063592871597468
ck_02028b72f26fe855,0.00403167219119128
ck_4108b4038f762817,0.5244238288468618
ck_63356762d24aab81,0.018628732499550316
ck_5e3bc76eddbdb0a6,0.0011119227841528683
ck_7f3685aa2933b251,0.059040102477072975
ck_3b92a46daf8d00d2,0.013410733684238913
ck_f1d8a2695a575e56,0.0037115890812057166
ck_0324a4812ec319c6,0.003982308723583123
ck_5c36c78b7a4d138c,0.021945985557844137
ck_9b6282e3bad50710,0.02609294066216768
ck_7373d7b04c7799bd,0.024993798420220523
ck_0b0e79d33e50cba5,0.00316308946176651
ck_f3c16d8f747db046,0.0581874238982907
ck_839ce35819bfa4fc,0.0011804568942198493
ck_275386782b1606f8,0.0034972478175803088
ck_4e9fba1ec54c3ff8,0.00857808918019688
ck_4b041217690fca2f,0.018250325781043606
ck_a59e90219939a1f0,0.00544740078781411
ck_a9c2cdc758df8510,0.029844108939042522
ck_720cd658d11ea428,0.020067510738461525
ck_fdeaa1cd085691f0,0.048684363808598814
ck_2bb1389e5e72c8f4,0.01866942800067679
ck_5de33a7a87e9aa62,0.027512292581924166
ck_f7a07283345a0dce,0.0014477677236572795
ck_c375e929becde422,0.005889567937117471
ck_c84ef83489badbfd,0.030028856819974456
ck_cc3318839c4b0745,0.005745485760078848
ck_279a1d3a3836e5cc,0.006682271294945136
ck_7977135c2ff61e92,0.0058944250147647025
ck_6a1ff9d69466181c,0.9986219063181483
ck_e1ff9e31becc27ae,0.13448016182875844
ck_a13fee8cd925d0dc,0.031955540405742826
ck_b170a7db522a0d6f,0.005806696557586851
ck_8d38747058d0aeea,0.778819480693462
ck_18116d0ac08f1996,0.8685820516804523
ck_2210f7a0d13bdbef,0.017504203086190877
ck_1af547077ba2dd03,0.16424794713931762
ck_516163fcf04d5e77,0.02031044935360272
ck_8b39d8aacfdd72b4,0.0033903568741991425
ck_d39b0152116203be,0.005419034047941854
ck_ed33f8a937f9c7c8,0.013610431582845224
ck_ea1e5b5128ecba2c,0.0008422730866550469
ck_8247f008a14bd1a2,0.0015197348327381868
ck_3d6046a533057795,0.0027720569526062293
ck_0bf2e13b9f2601ac,0.02058600296227312
ck_f4de03f44e3a5bd5,0.0024593331813800553
ck_3ba3fa5387bacee8,0.0007341695027588782
ck_8f604fa70fc3c8e3,0.011474478976497336
ck_64f3bb17101b7c42,0.006312272005904479
ck_a4e6fc391b674335,0.661445129215234
ck_79b6a86830156b5a,0.015932715855804826
ck_d74123617f22a21e,0.0033310784723816936
ck_9dbe184e81c1ca8d,0.05469857930997251
ck_de2924955926d046,0.023116579723708324
ck_e556c4d36aadbe03,0.0009395706798580537
ck_e37cee7b123692af,0.01623922096817511
ck_c50fed2a7c9198c0,0.01268210755375537
ck_5647030283171ed5,0.7622823897930205
ck_d4972a775aadbbc8,0.0056230871308464644
ck_ce5ed372b1a2ed6b,0.19633586681226384
ck_3eb6146c262e0fc3,0.0009307829207091132
ck_53816231f3ffb48d,0.003558566572186291
ck_afb23858a4ef42ed,0.9964613262059777
ck_3882423b449f6291,0.9507416576870862
ck_79b235d51718435d,0.010977464112151235
ck_298278a9da874437,0.007237689280234378
ck_32f632706608859e,0.005034757886379495
ck_3638bc3388dbc1bc,0.1225924969293393
ck_ac7cdb9b8da7b5dd,0.010162741596396446
ck_7d025dea5951cba7,0.008141831733507904
ck_f06d00a4f9c87d80,0.0019973006532036245
ck_d9c2622cb6df380b,0.004331349378445076
ck_d4ec44760cbe03f4,0.017642897697653842
ck_c1d05ef0ec6e4be7,0.008532543866422923
ck_5abe57dfff4b735c,0.0019537847014486943
ck_53cddfba570b4a3b,0.010571037742596736
ck_7c500e219af39486,0.0030944859801867604
ck_3bece63711407e25,0.03849462552467259
ck_8ff1e6028e764472,0.9982408673061774
ck_8c346eeefa9ce692,0.020950583378713323
ck_d840db8cfe2ef6f1,0.002021387015290022
ck_cc6d33890d47a6cf,0.1080167282048577
ck_2ab28149b0986642,0.721036980531292
ck_4ad5937bef176d89,0.0016829757825569372
ck_645f15bbbcff3b4f,0.9966894463931574
ck_aba32acb61c1aaca,0.05549380042365373
ck_26de14b96bdad4f6,0.0066363674881516005
ck_ab80466ef615e85c,0.00156747479991717
ck_ba93cb604f792915,0.0341880842782824
ck_3830c58d841e9e69,0.4297390253793084
ck_1d5d74169cf892ef,0.015955486564039778
ck_eb2323215ff70362,0.022667850711191196
ck_6775e387dace7525,0.04605394870781797
ck_0ea30eff5f361cba,0.0012678823657651624
ck_cc5a35175d381d5a,0.00941406531958944
ck_e14681aad43e1a72,0.02625563723020913
ck_3222ea25aa29bfa6,0.0005685088102403717
ck_f6c42001b84a10cb,0.08221126716697175
ck_3753cc5b9d02e2fd,0.003638685485843033
ck_eaf6f7082c3db2bf,0.05641266664663165
ck_a9ffd6b3957bd41e,0.005234208714439171
ck_558a82590f65df69,0.0008596560227535809
ck_7ec423cb56257516,0.018568510630748342
ck_b3867f7f494db64c,0.0011468141654822133
ck_3c9a06eb07c300e4,0.0042630261845850535
ck_d960af7a55b892b1,0.018228260148210485
ck_3d83e0a3c1cfbf8b,0.009361281962082055
ck_34ed59bc2c9b0186,0.008710170707233782
ck_4136b00924695ab4,0.0006260138715558825
ck_c802cf8f61466027,0.0026804306032746235
ck_de436e7b319be1fa,0.9926271412362635
ck_91081be0254878a5,0.007088326190664457
ck_ec2eee6a133e9a6f,0.043054195706807394
ck_81429c4910ca46cd,0.0052195545701635175
ck_80ad4396e1084c68,0.037372529659118824
ck_11667f5b9fac7bc7,0.0010840179087093663
ck_7367917891a63771,0.012842646117225867
ck_f908b527c4db422d,0.03765473023404943
ck_2329cc9702cdf7a0,0.03814409370691196
ck_6573c4947cc8607e,0.03479182140664221
ck_ebcb93a2990fc914,0.0474525370269877
ck_7a1782cefe26a456,0.028682425576934477
ck_ee3e7c9d3a9c74b4,0.03266570449072322
ck_720776a46e56dfa8,0.0073168801965858505
ck_bc8f31f4a2ffa1ae,0.0005946217162070334
ck_0cd8802264e0a1ef,0.12374131642866537
ck_c0d2c56f9c722e99,0.9958124358049931
ck_8c949bdc6e8720fa,0.031146868424862827
ck_0ada63008be5685a,0.012679096001983059
ck_a3f821bdf408c326,0.014780073285444631
ck_de13de941bebc7cf,0.0008117816738752423
ck_fc8cd8a8209e802d,0.012471880174172802
ck_181f3dae03b87136,0.01669370036490857
ck_ecaa6f13304e3dc5,0.0020575482166007614
ck_e06f6fed020ae014,0.020558658476292867
ck_2c041b1efb1c5063,0.009155047121646135
ck_8abd1a50a9227463,0.010487108615278157
ck_8ef1d05cc1e53e7e,0.020159089626571886
ck_4637e54a9f79e2e7,0.0024390527256503234
ck_e8bc49e6494c1f37,0.008238198889642636
ck_11f9390a11ce9ff5,0.017710371307812316
ck_15b4840922195ffd,0.012928532150112
ck_6bcfa37c717f19f1,0.033480459132000207
ck_efb24be983342f75,0.012708166184725726
ck_5b137d74bba6b1b4,0.0006311927592278784
ck_295c0072eca7f7a2,0.00792495814301834
ck_4af7b97c24d89a45,0.15717633822003005
ck_fa0ecbcf9a33d6ce,0.0029495302286064546
ck_da84a0dfe947fd3c,0.0026384673589415534
ck_3e3c64b3b7876ce6,0.0521981983481327
ck_da2729307af06ed5,0.022385356981925602
ck_74d0e7c2c6b63d36,0.7024350421268521
ck_c478aae3031bb328,0.003198583591631429
ck_cf301f2194975866,0.01764423977110685
ck_086d29ccae565e5d,0.001046927130401118
ck_34a33ffe8339f66d,0.931616523814325
ck_e57c79eaab35ded7,0.004000022745115103
ck_4940e78cbdcfecf3,0.010303854724190396
ck_578f67e69e5d2cfd,0.012677742967663386
ck_c767fc454fa215d0,0.00319991943297967
ck_5d644224135d7c65,0.019386338503598024
ck_e78ab4ff52b5fd2d,0.007372224151280999
ck_51efdd240e34c642,0.030768897323052557
ck_c39c6a1453e2b92c,0.00014503142919364382
ck_b080ff636932d1f1,0.0008392266221685679
ck_5c8390017fabfaef,0.02914951111510694
ck_61176dafb33b2d8a,0.501370891304558
ck_fc6fed6ea96a004a,0.009460162156059135
ck_3e2516a3e35067e0,0.01035060269366875
ck_17a95bba77217d85,0.028882694652183585
ck_1ffbce3a239bb264,0.002800724153690029
ck_7f960541e5174565,0.0022366639181238684
ck_9b1c3742dd6fcb8b,0.027687508630841153
ck_d5458ba39ae94498,0.01836441899362789
ck_0a921a73a90c2e39,0.02604722404326172
ck_293581d879f6663b,0.579176167785369
ck_03e904682dc73bba,0.008660003201949514
ck_4f490e379e9ded9a,0.003303528947343348
ck_9b9ce7bebc235fe8,0.001598406454841871
ck_a4a42d4bff8af645,0.003065088373033769
ck_b046067c6ca3831e,0.003648871386389151
ck_bc7ece8787ca7200,0.003932808584363912
ck_2c5bc11bb7ae5d2c,0.9831636974152828
ck_b74b9ba6d7c9aab7,0.27016647422225665
ck_91d48d69e4f5d9c2,0.007583290565009537
ck_1a71f8081ae00190,0.9716879725585981
ck_38ba64efa7c38250,0.033556481931848445
ck_1a6ddfeef82b1b1a,0.007429148388112462
ck_c4402ea6291df271,0.03578481081660371
ck_478d2667aa9896d9,0.006740354546744359
ck_c9490cb61aff5112,0.16131285203653586
ck_88f27ab479063852,0.025110422536304383
ck_b7793edca26fc512,0.010814867073300994
ck_f88028c3f306bc70,0.023085565805158574
ck_e8a6acea22b20312,0.1461111300951447
ck_c8b7f241810b45e5,0.0011270584472808773
ck_2408db62e4395ccd,0.006358935243681506
ck_bcdbf57d98dc0d27,0.08118096850335134
ck_b3225a98acd04f83,0.005604129437639003
ck_35694db37f0cde7a,0.0010319046829622138
ck_87d55ca333f22072,0.0016482244484226723
ck_ccc917533d4b73d4,0.007097713044783215
ck_0c5ba86f4e05b38d,0.010411618826349188
ck_8740a14d8096c6e1,0.029380707645073362
ck_17ab24fe914ae44b,0.0025954212924116206
ck_3b963d6be2773861,0.006548074204919014
ck_c183dff3781746cb,0.07026150877324144
ck_7336611650dcc088,0.007191248086642417
ck_c817259019588d30,0.011366126361398223
ck_d39864119cdd460f,0.0016844984537060844
ck_463ae759e2b6ad1d,0.007219076822598562
ck_e560f720a988d8a2,0.8982262296004829
ck_72dd0dbdf808cb00,0.014032347207456912
ck_32bb42f9bff197f8,0.006867685239700026
ck_70bef9ddd4bab005,0.003574291647260799
ck_4b15b0746318cf42,0.050379895689187076
ck_39a68c55a1bd3ace,0.154306095329546
ck_4c76efcc1ee6762d,0.013776842488507607
ck_79f5198f0decef20,0.0032160257493287136
ck_f655399ac75c4450,0.04366771281915129
ck_24b53090faf722cf,0.005638984406686923
ck_11cb98211b2ed134,0.8867259441004313
ck_3534be0f4efd313c,0.014184243218291568
ck_28d2003c2d16e4b6,0.0009523770747064355
ck_d3796aebda1cfed5,0.73130398757074
ck_a3a0bd59729fe619,0.007822688974640174
ck_8ddaf745bbb9cd62,0.00046454903978232454
ck_fa24db9d416ab904,0.008401634721420574
ck_493b6256091014cd,0.6808373555532906
ck_57a6b56b09bff24e,0.012666129600566007
ck_a2245822cfea997d,0.007526330896364383
ck_92f6ebc11ebca89b,0.031902650528088584
ck_fbf630c960194033,0.006758331335985226
ck_1c17c65804f8889e,0.011135371015153737
ck_00ff7389d6a83e29,0.08734640082677261
ck_bdd8eba728800e29,0.020324964662479066
ck_0525349f3945375b,0.040757576964843445
ck_d1b0699d26282871,0.01874853068046408
ck_a678731156ad7bd2,0.08986735299885286
ck_011551a596544f5d,0.0027279822072482068
ck_0bfe62e0c7eab9c9,0.025780739037594407
ck_e5ee006ecd8ff661,0.031045652491258343
ck_e2374c7136c964fd,0.03623940262432226
ck_af528d66c86f0cb8,0.2438317044950056
ck_5448c946cc4758fe,0.009380171520923637
ck_37d3e5c681a2214d,0.08826388151808585
ck_fca478361870a4ca,0.012425798709690803
ck_fb44d15fb93a7157,0.017739879349482478
ck_0e8f26536ccc8947,0.022123589188010474
ck_6768c4b2aa8ce586,0.028633713157473328
ck_6a548da1728b5823,0.9493644362542031
ck_0e7bf10ef49aa818,0.0461989719368137
ck_f2c824d3473db24c,0.013827252751373031
ck_d9ffca35188e49d8,0.0197496295741186
ck_3db73bbe03c3d240,0.001160574439464899
ck_899f88464305824a,0.016248935046136087
ck_148c28df51bba5e9,0.9804741505632504
ck_7955a359b6448799,0.0008486118799277147
ck_8c748aaa4a4554f9,0.00967738548283003
ck_fba15647b3a140d9,0.007438483300206971
ck_c2fc0ac460786d02,0.05230649659674264
ck_e42206e91f6a1752,0.0007576263976701531
ck_8c136dc691e65695,0.00044118562169549014
ck_8c0955dad13c3ca1,0.0016631489581435618
ck_6d4cd2de601a2308,0.011386152128487606
ck_76ea90ebc74bcdc7,0.011177378041029789
ck_734f06bd4aa92781,0.019087962772908744
ck_41af3729590c2484,0.010090333819771462
ck_e63256667aa19070,0.02770811175375285
ck_1b2ce474fa6582b4,0.024012548128440395
ck_c8131ddc7ed33448,0.0057037461127291845
ck_33ecff7914349ebc,0.021956487940983673
ck_36287d063350ce9d,0.004176958711246352
ck_956dd784525f5886,0.021280798786892777
ck_ba7b78d31d74c794,0.012303369339596455
ck_5bea0e0ee0b094cd,0.007072559920795492
ck_d6a4faadab58a3de,0.003718264327531006
ck_bdb966f43ac350ee,0.04137530961936445
ck_3fa559c679751b3a,0.011870811597934322
ck_7ef019ed77276496,0.0012388822462914592
ck_0e6046fc30f81705,0.011491330465662747
ck_53aca610e20598bc,0.013426674861602256
ck_5275be4e1577c1c7,0.006699083131087252
ck_43948784650bb9ac,0.01249835010553083
ck_5c87eea1cc07cc92,0.03220727092395972
ck_5f445182829ef342,0.022460949734112196
ck_cc81dbc83a8879fd,0.00667723708434843
ck_68ef3e7301c621b7,0.022854544118712246
ck_e988c108754cee9c,0.004306646450322315
ck_3327a0582407068b,0.013315915417830506
ck_e1d563fab4d6116a,0.009359522160217496
ck_588f6e6a6a6d93e8,0.010141161869486092
ck_723b4afc388113c8,0.003719517199840136
ck_240f7f894c5a86e7,0.0034891975157495263
ck_ab553954435e8854,0.9673556644774319
ck_78cd402a2a4f2e35,0.0033600721417932937
ck_09054e97bdf9624e,0.0008826406427740569
ck_303b33910d67f306,0.002044064806527211
ck_74e9747954a46eaa,0.011602574997135566
ck_b56c62c950eda009,0.0020346394671958814
ck_58f757e40a9b8877,0.026886043771385423
ck_45a16ce12893cf9b,0.015543246553502126
ck_3272c2c4a37d5220,0.9456198265896743
ck_9cb89cc3178e0172,0.033389055539469345
ck_c5d62b2b7a6f3bac,0.9776587719845888
ck_0dd417fcbf19e424,0.014042106091111615
ck_5379452a9d74efae,0.0006242069943238438
ck_344a95cb7115ec67,0.006303210054167403
ck_6f9fd15ac6b163de,0.007922731028011802
ck_173e1198c341087b,0.007557648601940127
ck_9994323f97109f4b,0.9890113539732149
ck_05f375fc8ae0afb0,0.0070345506887692835
ck_d328db1e1052d820,0.012167337500382014
ck_70396398e4a96449,0.003623292242631132
ck_61b067de8ffc1ca1,0.021405165201804844
ck_87809324c2675b0a,0.02225825738513151
ck_27cdf9c5e6f0915b,0.006683819538449478
ck_5b8fc4a76f340797,0.04813691543306219
ck_a44462a3853ac67e,0.995865457114207
ck_466a7316eaf149b1,0.009650544085061562
ck_d35c51e981b98c5c,0.006128003296386372
ck_99c0004d8b7079f8,0.0018981167558014182
ck_8a8f81bf3558fd9c,0.0035674056031249146
ck_b4dcebc543deaafb,0.01283508147895824
ck_7158ad9e58769ffa,0.07186790013237063
ck_3c02d4dbbf6716b6,0.007308800470558496
ck_41ef7967faf5ce82,0.0010003116477499683
ck_a7c1dabf3869772f,0.07259479203586067
ck_77d9f86dcf251739,0.01549817114417518
ck_02903c48b6cfd65d,0.0009756249162671745
ck_b45e47c39d4dc7bf,0.014023360281242746
ck_e55e5bdfc0242aef,0.044851648387754635
ck_ae20e28f9854f3ee,0.04856108713421137
ck_9e65a8a2f587691a,0.008929982105312843
ck_dceabbe04d99afc2,0.00027204602514802745
ck_837be8126bb19250,0.0010311800715581386
ck_c05737ab74cf03c6,0.14685604129991886
ck_2cdf5fd97ba75e06,0.33254892351703447
ck_97b8e05d62abdc14,0.024022161273430855
ck_7df9910af2bba21b,0.005557438492943531
ck_850e2b59bc535490,0.034086057478132425
ck_978c21bb5fe3171e,0.019066084625877097
ck_d654449f9231ad76,0.010398340603452572
ck_e136e20c1c74fe38,0.008771038187920573
ck_2fe6cac002142f67,0.01815285176106785
ck_8432ccec1a4ec7fd,0.9901761531906849
ck_95e4bef65c36af1a,0.0007625161182909548
ck_a725d7aed2a0bdc2,0.0005494896087021059
ck_9b9d9e579e7b55b2,0.3079894534781746
ck_ea4332c8fe48e2a3,0.005988500429286505
ck_9937dad93a0ed3c1,0.002564175769447979
ck_3dc4d464386f0eb2,0.5191690768167808
ck_e0e90b196bef3c11,0.00130918078636603
ck_2139062d4569aa07,0.004423411639362553
ck_8de38f8c7f91961f,0.035630441789724514
ck_bdbb4230c91e1604,0.02506730891426072
ck_f7305b3c64cf8a03,0.043526113195873954
ck_454a7e4d859a3409,0.002223526625906499
ck_00d6730134a1eb51,0.009691367641018958
ck_dd89a282375bbab6,0.027468900465164793
ck_be2251640f27a3c9,0.06069245463854356
